{
  "overall_stats": {
    "seasons": 19,
    "year_range": "2006-2024",
    "avg_coaches_per_year": 33.73684210526316,
    "total_coach_years": 641
  },
  "composite_aggression": {
    "overall_mean": 0.0051067505653394265,
    "overall_std": 0.008366359345756755,
    "min_year": 2006,
    "min_value": -0.008481588222638647,
    "max_year": 2024,
    "max_value": 0.01737001000014838,
    "trend": "increasing"
  },
  "components": {
    "fourth_down_aggression": {
      "mean": -0.0001671417256478136,
      "std": 0.014805459143045376,
      "min": -0.019075226860759107,
      "max": 0.029595165408681765
    },
    "pass_heavy_aggression": {
      "mean": 0.020444711130862225,
      "std": 0.01364899814055678,
      "min": -0.009144782366702369,
      "max": 0.03684975422733334
    },
    "deep_pass_aggression": {
      "mean": 0.0008691720633023458,
      "std": 0.009097377756336374,
      "min": -0.013427745176823025,
      "max": 0.02001564532983279
    },
    "two_point_aggression": {
      "mean": -0.0007197392071590026,
      "std": 0.01653738964525305,
      "min": -0.022268556417087786,
      "max": 0.024472060781307967
    }
  }
}