{
  "overall_stats": {
    "seasons": 19,
    "year_range": "2006-2024",
    "avg_coaches_per_year": 33.73684210526316,
    "total_coach_years": 641
  },
  "composite_aggression": {
    "overall_mean": 0.003387935186015155,
    "overall_std": 0.007736277852584429,
    "min_year": 2006,
    "min_value": -0.006569434263655381,
    "max_year": 2023,
    "max_value": 0.01781515193015271,
    "trend": "increasing"
  },
  "components": {
    "fourth_down_aggression": {
      "mean": -0.0003558999557932141,
      "std": 0.01497634066642908,
      "min": -0.02059434650998151,
      "max": 0.030790548201184417
    },
    "pass_heavy_aggression": {
      "mean": 0.01921677883130259,
      "std": 0.008100755318332853,
      "min": 0.0032455219901110534,
      "max": 0.03286156768984831
    },
    "deep_pass_aggression": {
      "mean": -0.006818701513460056,
      "std": 0.009594536983264053,
      "min": -0.024912017516587764,
      "max": 0.014825194525258649
    },
    "two_point_aggression": {
      "mean": 0.0015095633820113212,
      "std": 0.01878423379606769,
      "min": -0.025148001935765225,
      "max": 0.030366574741116644
    }
  }
}