{
  "overall_stats": {
    "seasons": 19,
    "year_range": "2006-2024",
    "avg_coaches_per_year": 33.73684210526316,
    "total_coach_years": 641
  },
  "composite_aggression": {
    "overall_mean": 0.0025978288386814094,
    "overall_std": 0.009061314830438715,
    "min_year": 2006,
    "min_value": -0.01263354467448265,
    "max_year": 2023,
    "max_value": 0.014962107976110226,
    "trend": "increasing"
  },
  "components": {
    "fourth_down_aggression": {
      "mean": 0.0030753423589447064,
      "std": 0.017018417137896043,
      "min": -0.0185517966808675,
      "max": 0.03616482229059383
    },
    "pass_heavy_aggression": {
      "mean": -0.0016293316809879697,
      "std": 0.013855023251949825,
      "min": -0.0321482518887271,
      "max": 0.015164901782274694
    },
    "deep_pass_aggression": {
      "mean": 0.0011040953746128967,
      "std": 0.009631260805110666,
      "min": -0.01428032776669648,
      "max": 0.021097530222136136
    },
    "two_point_aggression": {
      "mean": 0.010645460478069073,
      "std": 0.0197318421675343,
      "min": -0.02147682674933194,
      "max": 0.04036449038674433
    }
  }
}