{
  "overall": {
    "correlation": 0.04796680979426683,
    "p_value": 0.23606114591081745,
    "sample_size": 612,
    "significant": false
  },
  "by_relationship_type": {
    "position_to_coordinator": {
      "correlation": 0.05535689700426249,
      "p_value": 0.5397694869718185,
      "sample_size": 125,
      "significant": false
    },
    "position_to_hc": {
      "correlation": 0.09658391513443969,
      "p_value": 0.12102648027125283,
      "sample_size": 259,
      "significant": false
    },
    "coordinator_to_hc": {
      "correlation": -0.007783558164467266,
      "p_value": 0.9069512315912703,
      "sample_size": 228,
      "significant": false
    }
  },
  "by_component": {
    "4th Down": {
      "correlation": 0.08227444306706552,
      "p_value": 0.04188643626898225,
      "significant": true
    },
    "Pass-Heavy": {
      "correlation": 0.0230161908617802,
      "p_value": 0.5698310487643821,
      "significant": false
    },
    "Deep Pass": {
      "correlation": 0.05969665064658827,
      "p_value": 0.14018293809389126,
      "significant": false
    },
    "2-Point": {
      "correlation": 0.03127718534442614,
      "p_value": 0.4399000910038713,
      "significant": false
    }
  }
}