{
  "overall": {
    "correlation": 0.046025203817147045,
    "p_value": 0.252878701265914,
    "sample_size": 619,
    "significant": false
  },
  "by_relationship_type": {
    "position_to_coordinator": {
      "correlation": 0.056286289015025484,
      "p_value": 0.531307182977718,
      "sample_size": 126,
      "significant": false
    },
    "position_to_hc": {
      "correlation": 0.09286684551241514,
      "p_value": 0.13456405369698757,
      "sample_size": 261,
      "significant": false
    },
    "coordinator_to_hc": {
      "correlation": -0.010744142313451822,
      "p_value": 0.8706990022364082,
      "sample_size": 232,
      "significant": false
    }
  },
  "by_component": {
    "4th Down": {
      "correlation": 0.07823704368323471,
      "p_value": 0.05170719090577866,
      "significant": false
    },
    "Pass-Heavy": {
      "correlation": 0.028246162320484595,
      "p_value": 0.4830060968082977,
      "significant": false
    },
    "Deep Pass": {
      "correlation": 0.05728679080059738,
      "p_value": 0.15457181203125184,
      "significant": false
    },
    "2-Point": {
      "correlation": 0.024861354633206042,
      "p_value": 0.5369785063377943,
      "significant": false
    }
  }
}