{
  "overall": {
    "correlation": 0.056817594610732325,
    "p_value": 0.15798272137700595,
    "sample_size": 619,
    "significant": false
  },
  "by_relationship_type": {
    "position_to_coordinator": {
      "correlation": 0.024265900614724473,
      "p_value": 0.7873840286671452,
      "sample_size": 126,
      "significant": false
    },
    "position_to_hc": {
      "correlation": 0.06881176895510269,
      "p_value": 0.26800623909951843,
      "sample_size": 261,
      "significant": false
    },
    "coordinator_to_hc": {
      "correlation": 0.06287630901762621,
      "p_value": 0.3403497986612272,
      "sample_size": 232,
      "significant": false
    }
  },
  "by_component": {
    "4th Down": {
      "correlation": 0.08097952148916734,
      "p_value": 0.04401128974909377,
      "significant": true
    },
    "Pass-Heavy": {
      "correlation": 0.029612350200996503,
      "p_value": 0.46208445945964743,
      "significant": false
    },
    "Deep Pass": {
      "correlation": 0.07243982003613643,
      "p_value": 0.07170200951515557,
      "significant": false
    },
    "2-Point": {
      "correlation": 0.038335430940071004,
      "p_value": 0.3409972684858461,
      "significant": false
    }
  }
}