{
  "lag_1": {
    "composite": {
      "correlation": 0.4579054090304291,
      "p_value": 1.3908961892911835e-25,
      "slope": 0.468301345143027,
      "intercept": 0.0029603827954626455,
      "r_squared": 0.20967736361932457,
      "n": 467,
      "significant": true
    },
    "fourth_down": {
      "correlation": 0.5559038446534121,
      "p_value": 3.1283920418161414e-39,
      "slope": 0.5421572372669548,
      "intercept": 0.0003485671572985064,
      "r_squared": 0.30902908450044486,
      "n": 467,
      "significant": true
    },
    "pass_heavy": {
      "correlation": 0.4727501244925153,
      "p_value": 2.2336564243659597e-27,
      "slope": 0.46700563368030984,
      "intercept": 0.012775941603968461,
      "r_squared": 0.22349268020768873,
      "n": 467,
      "significant": true
    },
    "deep_pass": {
      "correlation": 0.4550212472666156,
      "p_value": 3.032684719878039e-25,
      "slope": 0.4331492659741214,
      "intercept": -0.004283948414459553,
      "r_squared": 0.2070443354640663,
      "n": 467,
      "significant": true
    },
    "two_point": {
      "correlation": 0.39254677727598264,
      "p_value": 1.1793346211876348e-18,
      "slope": 0.414849342943644,
      "intercept": 0.00281644859504521,
      "r_squared": 0.15409297234976,
      "n": 467,
      "significant": true
    }
  },
  "lag_2": {
    "composite": {
      "correlation": 0.39943189018310654,
      "p_value": 1.3141709128668335e-14,
      "slope": 0.43007081448604934,
      "intercept": 0.003223917663319266,
      "r_squared": 0.15954583489524915,
      "n": 344,
      "significant": true
    },
    "fourth_down": {
      "correlation": 0.4375188869907779,
      "p_value": 1.6173748788528773e-17,
      "slope": 0.429393252314347,
      "intercept": -0.00023618606764583185,
      "r_squared": 0.1914227764736492,
      "n": 344,
      "significant": true
    },
    "pass_heavy": {
      "correlation": 0.32524320061476014,
      "p_value": 6.44230778474297e-10,
      "slope": 0.32418816323856475,
      "intercept": 0.01681881191031336,
      "r_squared": 0.10578313954613308,
      "n": 344,
      "significant": true
    },
    "deep_pass": {
      "correlation": 0.33683121364105767,
      "p_value": 1.4277328744471073e-10,
      "slope": 0.30430376693848477,
      "intercept": -0.0066606045577283024,
      "r_squared": 0.11345526648290773,
      "n": 344,
      "significant": true
    },
    "two_point": {
      "correlation": 0.22905023898997584,
      "p_value": 1.7871073276920734e-05,
      "slope": 0.2660984168271484,
      "intercept": 0.003466340499727247,
      "r_squared": 0.05246401198136505,
      "n": 344,
      "significant": true
    }
  },
  "lag_3": {
    "composite": {
      "correlation": 0.33156635780576127,
      "p_value": 9.488532498308287e-08,
      "slope": 0.36700485812197803,
      "intercept": 0.003725249127689439,
      "r_squared": 0.10993624962857822,
      "n": 247,
      "significant": true
    },
    "fourth_down": {
      "correlation": 0.40137226892422506,
      "p_value": 5.6125945180111763e-11,
      "slope": 0.3880238663717817,
      "intercept": -0.0008732139023983915,
      "r_squared": 0.16109969826138032,
      "n": 247,
      "significant": true
    },
    "pass_heavy": {
      "correlation": 0.275359204414083,
      "p_value": 1.1291511674336777e-05,
      "slope": 0.2880395166277943,
      "intercept": 0.01836625880733471,
      "r_squared": 0.07582269145555694,
      "n": 247,
      "significant": true
    },
    "deep_pass": {
      "correlation": 0.3090872280493281,
      "p_value": 7.236495644534606e-07,
      "slope": 0.2777962413782901,
      "intercept": -0.006347362923114092,
      "r_squared": 0.09553491454321739,
      "n": 247,
      "significant": true
    },
    "two_point": {
      "correlation": 0.2890816812061016,
      "p_value": 3.851634932567378e-06,
      "slope": 0.32446885299671835,
      "intercept": 0.004554606668729703,
      "r_squared": 0.0835682184089462,
      "n": 247,
      "significant": true
    }
  }
}