{
  "Composite Aggression": {
    "correlation": 0.18925574173603738,
    "p_value": 2.60753886336153e-06,
    "ci_low": 0.10034728335503543,
    "ci_high": 0.27665407078522924,
    "p_bootstrap_coach_clustered": 0.0,
    "n_coaches": 124,
    "slope": 18.140900668144994,
    "intercept": -0.11133244678725185,
    "r_squared": 0.035817735780057744,
    "std_err": 3.8234290740657233,
    "n": 608,
    "significant": true,
    "correlation_eradj": 0.1584694022353831,
    "p_value_eradj": 8.699444869129724e-05,
    "ci_low_eradj": 0.05482056286201063,
    "ci_high_eradj": 0.2585257308639397,
    "p_bootstrap_coach_clustered_eradj": 0.003,
    "n_eradj": 608,
    "r_ivw": 0.21080333596642697,
    "ci_low_ivw": 0.12605583711547724,
    "ci_high_ivw": 0.29375442442769706,
    "r_ivw_eradj": 0.1799643239874306,
    "ci_low_ivw_eradj": 0.07573446371093148,
    "ci_high_ivw_eradj": 0.28160117400238976,
    "p_ivw_eradj_coach_clustered": 0.003,
    "n_ivw_eradj": 608,
    "p_ivw_coach_clustered": 0.0,
    "n_ivw": 608,
    "r_partial_season": 0.21148576552744186,
    "p_partial_coach_clustered": 0.0,
    "n_partial": 596,
    "n_dropped_partial": 12,
    "n_games_matched": 608,
    "war_test_retest_reliability": 0.24011000144692013,
    "n_pairs": 458,
    "note": "season-level coach-clustered r is the era-clean PRIMARY grain (annual WAR is ~era-flat, ~3% between-season variance, so a season control barely moves it); r_ivw down-weights noisy short seasons. The career-level correlation is a SECONDARY anchor that carries a window-selection era artifact (career-mean WAR correlates with era), so it brackets above rather than refining the season estimate.",
    "career": {
      "career_war_vs_era_r": 0.29702920903461305,
      "all_coaches": {
        "correlation": 0.3033919185271304,
        "p_value": 0.000614079532669092,
        "ci_low": 0.1596370070566676,
        "ci_high": 0.4499921400100293,
        "n_coaches": 124,
        "significant": true
      },
      "min3_seasons": {
        "correlation": 0.3081765462279798,
        "p_value": 0.0036850442823880675,
        "ci_low": 0.13931015707071598,
        "ci_high": 0.47275526224429587,
        "n_coaches": 87,
        "significant": true
      }
    }
  },
  "4th Down Aggression": {
    "correlation": 0.09502074459120206,
    "p_value": 0.01910520819883061,
    "ci_low": 0.010187526274602567,
    "ci_high": 0.17853134610285323,
    "p_bootstrap_coach_clustered": 0.033,
    "n_coaches": 124,
    "slope": 6.242147450336467,
    "intercept": -0.0803229681001588,
    "r_squared": 0.00902894190266646,
    "std_err": 2.6564996761888535,
    "n": 608,
    "significant": true,
    "correlation_eradj": 0.04215324647055068,
    "p_value_eradj": 0.2993992266878861,
    "ci_low_eradj": -0.05150804644739313,
    "ci_high_eradj": 0.1303562727252905,
    "p_bootstrap_coach_clustered_eradj": 0.376,
    "n_eradj": 608,
    "r_ivw": 0.1031286448478733,
    "ci_low_ivw": 0.01771013316505021,
    "ci_high_ivw": 0.18361565027514956,
    "r_ivw_eradj": 0.04490983526971209,
    "ci_low_ivw_eradj": -0.049645014909401056,
    "ci_high_ivw_eradj": 0.13124015075095444,
    "p_ivw_eradj_coach_clustered": 0.359,
    "n_ivw_eradj": 608,
    "p_ivw_coach_clustered": 0.015,
    "n_ivw": 608,
    "r_partial_season": 0.09781624878423774,
    "p_partial_coach_clustered": 0.019,
    "n_partial": 596,
    "n_dropped_partial": 12,
    "n_games_matched": 608,
    "war_test_retest_reliability": 0.24011000144692013,
    "n_pairs": 458,
    "note": "season-level coach-clustered r is the era-clean PRIMARY grain (annual WAR is ~era-flat, ~3% between-season variance, so a season control barely moves it); r_ivw down-weights noisy short seasons. The career-level correlation is a SECONDARY anchor that carries a window-selection era artifact (career-mean WAR correlates with era), so it brackets above rather than refining the season estimate.",
    "career": {
      "career_war_vs_era_r": 0.29702920903461305,
      "all_coaches": {
        "correlation": 0.1874370610489306,
        "p_value": 0.03710697725156525,
        "ci_low": 0.030887657672857442,
        "ci_high": 0.32877612688211805,
        "n_coaches": 124,
        "significant": true
      },
      "min3_seasons": {
        "correlation": 0.2424829259571088,
        "p_value": 0.023641691344558763,
        "ci_low": 0.03516436604609169,
        "ci_high": 0.4260433640556559,
        "n_coaches": 87,
        "significant": true
      }
    }
  },
  "Pass-Heavy Aggression": {
    "correlation": 0.18283148484505823,
    "p_value": 5.700142405811548e-06,
    "ci_low": 0.07124838174114109,
    "ci_high": 0.2799039731607641,
    "p_bootstrap_coach_clustered": 0.002,
    "n_coaches": 124,
    "slope": 7.6524376418976825,
    "intercept": -0.05499829222350351,
    "r_squared": 0.0334273518506488,
    "std_err": 1.6715899507175198,
    "n": 608,
    "significant": true,
    "correlation_eradj": 0.16589926843636812,
    "p_value_eradj": 3.943107030489248e-05,
    "ci_low_eradj": 0.04661301320882941,
    "ci_high_eradj": 0.2690559115948421,
    "p_bootstrap_coach_clustered_eradj": 0.007,
    "n_eradj": 608,
    "r_ivw": 0.18730897144995265,
    "ci_low_ivw": 0.08016452217828976,
    "ci_high_ivw": 0.28363314079924506,
    "r_ivw_eradj": 0.16971485146673043,
    "ci_low_ivw_eradj": 0.050692948500016426,
    "ci_high_ivw_eradj": 0.27733102689909,
    "p_ivw_eradj_coach_clustered": 0.006,
    "n_ivw_eradj": 608,
    "p_ivw_coach_clustered": 0.0,
    "n_ivw": 608,
    "r_partial_season": 0.1876991727948496,
    "p_partial_coach_clustered": 0.0,
    "n_partial": 596,
    "n_dropped_partial": 12,
    "n_games_matched": 608,
    "war_test_retest_reliability": 0.24011000144692013,
    "n_pairs": 458,
    "note": "season-level coach-clustered r is the era-clean PRIMARY grain (annual WAR is ~era-flat, ~3% between-season variance, so a season control barely moves it); r_ivw down-weights noisy short seasons. The career-level correlation is a SECONDARY anchor that carries a window-selection era artifact (career-mean WAR correlates with era), so it brackets above rather than refining the season estimate.",
    "career": {
      "career_war_vs_era_r": 0.29702920903461305,
      "all_coaches": {
        "correlation": 0.2505793815790843,
        "p_value": 0.005000478601601214,
        "ci_low": 0.07454219027347626,
        "ci_high": 0.40869561691632295,
        "n_coaches": 124,
        "significant": true
      },
      "min3_seasons": {
        "correlation": 0.29651686426047685,
        "p_value": 0.00529147953927802,
        "ci_low": 0.09781371359573833,
        "ci_high": 0.4841525393621756,
        "n_coaches": 87,
        "significant": true
      }
    }
  },
  "Deep Pass Aggression": {
    "correlation": 0.02002004338537704,
    "p_value": 0.6222381028613698,
    "ci_low": -0.0694210996814987,
    "ci_high": 0.10780770014993682,
    "p_bootstrap_coach_clustered": 0.645,
    "n_coaches": 124,
    "slope": 1.0251311353662647,
    "intercept": -0.0625773404320126,
    "r_squared": 0.0004008021371523797,
    "std_err": 2.0796538156358007,
    "n": 608,
    "significant": false,
    "correlation_eradj": 0.04992914869753603,
    "p_value_eradj": 0.21893344987662602,
    "ci_low_eradj": -0.04631079117092739,
    "ci_high_eradj": 0.14419776722988864,
    "p_bootstrap_coach_clustered_eradj": 0.309,
    "n_eradj": 608,
    "r_ivw": 0.04691434934244082,
    "ci_low_ivw": -0.03955433272111785,
    "ci_high_ivw": 0.1326374115566257,
    "r_ivw_eradj": 0.08261490250945801,
    "ci_low_ivw_eradj": -0.0032864251389795674,
    "ci_high_ivw_eradj": 0.17145885413704293,
    "p_ivw_eradj_coach_clustered": 0.065,
    "n_ivw_eradj": 608,
    "p_ivw_coach_clustered": 0.271,
    "n_ivw": 608,
    "r_partial_season": 0.05349625649691829,
    "p_partial_coach_clustered": 0.209,
    "n_partial": 596,
    "n_dropped_partial": 12,
    "n_games_matched": 608,
    "war_test_retest_reliability": 0.24011000144692013,