{
  "Composite Aggression": {
    "correlation": 0.18925574173603738,
    "p_value": 2.60753886336153e-06,
    "ci_low": 0.10034728335503543,
    "ci_high": 0.27665407078522924,
    "p_bootstrap_coach_clustered": 0.0,
    "n_coaches": 124,
    "slope": 18.140900668144994,
    "intercept": -0.11133244678725185,
    "r_squared": 0.035817735780057744,
    "std_err": 3.8234290740657233,
    "n": 608,
    "significant": true
  },
  "4th Down Aggression": {
    "correlation": 0.09502074459120206,
    "p_value": 0.01910520819883061,
    "ci_low": 0.010187526274602567,
    "ci_high": 0.17853134610285323,
    "p_bootstrap_coach_clustered": 0.033,
    "n_coaches": 124,
    "slope": 6.242147450336467,
    "intercept": -0.0803229681001588,
    "r_squared": 0.00902894190266646,
    "std_err": 2.6564996761888535,
    "n": 608,
    "significant": true
  },
  "Pass-Heavy Aggression": {
    "correlation": 0.18283148484505823,
    "p_value": 5.700142405811548e-06,
    "ci_low": 0.07124838174114109,
    "ci_high": 0.2799039731607641,
    "p_bootstrap_coach_clustered": 0.002,
    "n_coaches": 124,
    "slope": 7.6524376418976825,
    "intercept": -0.05499829222350351,
    "r_squared": 0.0334273518506488,
    "std_err": 1.6715899507175198,
    "n": 608,
    "significant": true
  },
  "Deep Pass Aggression": {
    "correlation": 0.02002004338537704,
    "p_value": 0.6222381028613698,
    "ci_low": -0.0694210996814987,
    "ci_high": 0.10780770014993682,
    "p_bootstrap_coach_clustered": 0.645,
    "n_coaches": 124,
    "slope": 1.0251311353662647,
    "intercept": -0.0625773404320126,
    "r_squared": 0.0004008021371523797,
    "std_err": 2.0796538156358007,
    "n": 608,
    "significant": false
  },
  "2-Point Aggression": {
    "correlation": 0.03665469061755588,
    "p_value": 0.3669176879721647,
    "ci_low": -0.05825306779835678,
    "ci_high": 0.12821331023250299,
    "p_bootstrap_coach_clustered": 0.445,
    "n_coaches": 124,
    "slope": 1.6466348813833036,
    "intercept": -0.07997980881332223,
    "r_squared": 0.001343566344268736,
    "std_err": 1.8236416095766166,
    "n": 608,
    "significant": false
  }
}