{
  "lag_1": {
    "composite": {
      "correlation": 0.5011153210816629,
      "p_value": 4.6410786269663545e-31,
      "ci_low": 0.39587868383453884,
      "ci_high": 0.5888667808658054,
      "p_bootstrap_coach_clustered": 0.0,
      "n_coaches": 104,
      "slope": 0.5056802009148761,
      "intercept": 0.004044832156171832,
      "r_squared": 0.25111656502277857,
      "n": 467,
      "significant": true
    },
    "fourth_down": {
      "correlation": 0.5641205079472567,
      "p_value": 1.3650809769658463e-40,
      "ci_low": 0.45445323871194665,
      "ci_high": 0.6522772103992178,
      "p_bootstrap_coach_clustered": 0.0,
      "n_coaches": 104,
      "slope": 0.5578937138969954,
      "intercept": 0.0008874724438553734,
      "r_squared": 0.3182319474866709,
      "n": 467,
      "significant": true
    },
    "pass_heavy": {
      "correlation": 0.5479785616405042,
      "p_value": 5.914252511743915e-38,
      "ci_low": 0.4409117050475717,
      "ci_high": 0.6421065618677548,
      "p_bootstrap_coach_clustered": 0.0,
      "n_coaches": 104,
      "slope": 0.5351256100817058,
      "intercept": 0.012987016477030227,
      "r_squared": 0.3002805040175952,
      "n": 467,
      "significant": true
    },
    "deep_pass": {
      "correlation": 0.47203738994546407,
      "p_value": 2.7364351328847916e-27,
      "ci_low": 0.34694960351690984,
      "ci_high": 0.5671504743059775,
      "p_bootstrap_coach_clustered": 0.0,
      "n_coaches": 104,
      "slope": 0.449470452768577,
      "intercept": 0.0002033993131001696,
      "r_squared": 0.222819297506526,
      "n": 467,
      "significant": true
    },
    "two_point": {
      "correlation": 0.38691124158123325,
      "p_value": 3.987792127891866e-18,
      "ci_low": 0.23853990532890665,
      "ci_high": 0.5199635493832063,
      "p_bootstrap_coach_clustered": 0.0,
      "n_coaches": 104,
      "slope": 0.4312767048067622,
      "intercept": 0.0012951447674982924,
      "r_squared": 0.1497003088619317,
      "n": 467,
      "significant": true
    }
  },
  "lag_2": {
    "composite": {
      "correlation": 0.41079768360167634,
      "p_value": 1.943838903523745e-15,
      "ci_low": 0.30355343773626153,
      "ci_high": 0.5018919056856599,
      "p_bootstrap_coach_clustered": 0.0,
      "n_coaches": 86,
      "slope": 0.4281522797936749,
      "intercept": 0.004832734908285925,
      "r_squared": 0.16875473685250303,
      "n": 344,
      "significant": true
    },
    "fourth_down": {
      "correlation": 0.43822743117443613,
      "p_value": 1.416170210002698e-17,
      "ci_low": 0.2983203412788202,
      "ci_high": 0.5706223857701902,
      "p_bootstrap_coach_clustered": 0.0,
      "n_coaches": 86,
      "slope": 0.4423282488584036,
      "intercept": 0.0007126374585895603,
      "r_squared": 0.19204328143374544,
      "n": 344,
      "significant": true
    },
    "pass_heavy": {
      "correlation": 0.4061054244224341,
      "p_value": 4.316731106461632e-15,
      "ci_low": 0.25350898045842357,
      "ci_high": 0.5285440425979,
      "p_bootstrap_coach_clustered": 0.0,
      "n_coaches": 86,
      "slope": 0.3972314398739577,
      "intercept": 0.018141965183309433,
      "r_squared": 0.16492161574532468,
      "n": 344,
      "significant": true
    },
    "deep_pass": {
      "correlation": 0.35014649769628703,
      "p_value": 2.3352172775207164e-11,
      "ci_low": 0.21379986920474522,
      "ci_high": 0.4599240832685066,
      "p_bootstrap_coach_clustered": 0.0,
      "n_coaches": 86,
      "slope": 0.3164022219824757,
      "intercept": -0.0010652992830498366,
      "r_squared": 0.12260256984897543,
      "n": 344,
      "significant": true
    },
    "two_point": {
      "correlation": 0.2248414511894846,
      "p_value": 2.56476300200321e-05,
      "ci_low": 0.04170406970864207,
      "ci_high": 0.4264355901984604,
      "p_bootstrap_coach_clustered": 0.014,
      "n_coaches": 86,
      "slope": 0.27592016601741526,
      "intercept": 0.0015914550531302798,
      "r_squared": 0.05055367817299341,
      "n": 344,
      "significant": true
    }
  },
  "lag_3": {
    "composite": {
      "correlation": 0.3404407045474163,
      "p_value": 4.062432703517968e-08,
      "ci_low": 0.20773120240449902,
      "ci_high": 0.4677402756195951,
      "p_bootstrap_coach_clustered": 0.0,
      "n_coaches": 59,
      "slope": 0.35978003986887075,
      "intercept": 0.0058471491590252785,
      "r_squared": 0.1158998733127411,
      "n": 247,
      "significant": true
    },
    "fourth_down": {
      "correlation": 0.40577836310754734,
      "p_value": 3.300805556102044e-11,
      "ci_low": 0.2659501577646716,
      "ci_high": 0.5498142200940368,
      "p_bootstrap_coach_clustered": 0.0,
      "n_coaches": 59,
      "slope": 0.4071712854479729,
      "intercept": 0.0005337067841720904,
      "r_squared": 0.16465607996624043,
      "n": 247,
      "significant": true
    },
    "pass_heavy": {
      "correlation": 0.32908531907152516,
      "p_value": 1.1971094582198694e-07,
      "ci_low": 0.1388511182499651,
      "ci_high": 0.4870265863420892,
      "p_bootstrap_coach_clustered": 0.0,
      "n_coaches": 59,
      "slope": 0.33306000797679286,
      "intercept": 0.021417620127563354,
      "r_squared": 0.10829714722840755,
      "n": 247,
      "significant": true
    },
    "deep_pass": {
      "correlation": 0.32948716370486963,
      "p_value": 1.1530457292962801e-07,
      "ci_low": 0.19667988792635363,
      "ci_high": 0.448869992059779,
      "p_bootstrap_coach_clustered": 0.0,
      "n_coaches": 59,
      "slope": 0.2956874067537031,
      "intercept": -0.0005010367814562704,
      "r_squared": 0.10856179104627937,
      "n": 247,
      "significant": true
    },
    "two_point": {
      "correlation": 0.29968899979929164,
      "p_value": 1.6122184415835617e-06,
      "ci_low": 0.12526615490869203,
      "ci_high": 0.5304877715259798,
      "p_bootstrap_coach_clustered": 0.0,
      "n_coaches": 59,
      "slope": 0.3517337774515311,
      "intercept": 0.0027749282940540006,
      "r_squared": 0.08981349660069966,
      "n": 247,
      "significant": true
    }
  }
}