{
  "overall_by_type": {
    "Offensive": {
      "composite": {
        "correlation": 0.178339065004333,
        "p_value": 0.0016181842882533228,
        "n": 310,
        "slope": 1.1440338900372604,
        "significant": true
      },
      "pass_heavy": {
        "correlation": 0.20921454720324406,
        "p_value": 0.00020737466838585317,
        "n": 310,
        "slope": 0.6034735405293159,
        "significant": true
      }
    },
    "Defensive": {
      "composite": {
        "correlation": 0.19459737997993035,
        "p_value": 0.0019530798296324022,
        "n": 251,
        "slope": 1.3819050259731962,
        "significant": true
      },
      "pass_heavy": {
        "correlation": 0.16474416088857372,
        "p_value": 0.008925324034187545,
        "n": 251,
        "slope": 0.4335143081986202,
        "significant": true
      }
    }
  },
  "by_type_and_era": {
    "Offensive": {
      "Early (2006-2011)": {
        "composite": {
          "correlation": 0.3299765147488493,
          "p_value": 0.0014925209130731653,
          "n": 90,
          "significant": true
        },
        "pass_heavy": {
          "correlation": 0.31688225766268585,
          "p_value": 0.0023421845041536795,
          "n": 90,
          "significant": true
        }
      },
      "Middle (2012-2017)": {
        "composite": {
          "correlation": -0.018234618767888247,
          "p_value": 0.8645502292556304,
          "n": 90,
          "significant": false
        },
        "pass_heavy": {
          "correlation": -0.009269862851544143,
          "p_value": 0.9308986893707882,
          "n": 90,
          "significant": false
        }
      },
      "Late (2018-2024)": {
        "composite": {
          "correlation": 0.07291477120355251,
          "p_value": 0.409698086440864,
          "n": 130,
          "significant": false
        },
        "pass_heavy": {
          "correlation": 0.17205930076942916,
          "p_value": 0.05029405787146888,
          "n": 130,
          "significant": false
        }
      }
    },
    "Defensive": {
      "Early (2006-2011)": {
        "composite": {
          "correlation": 0.19709558131776095,
          "p_value": 0.06568264647823295,
          "n": 88,
          "significant": false
        },
        "pass_heavy": {
          "correlation": 0.03862038676423108,
          "p_value": 0.7209087516026881,
          "n": 88,
          "significant": false
        }
      },
      "Middle (2012-2017)": {
        "composite": {
          "correlation": 0.35133699091155596,
          "p_value": 0.0008477881868824233,
          "n": 87,
          "significant": true
        },
        "pass_heavy": {
          "correlation": 0.3031481498701961,
          "p_value": 0.0043149502095853,
          "n": 87,
          "significant": true
        }
      },
      "Late (2018-2024)": {
        "composite": {
          "correlation": -0.032034045838414245,
          "p_value": 0.7835402106106124,
          "n": 76,
          "significant": false
        },
        "pass_heavy": {
          "correlation": 0.1003300080124239,
          "p_value": 0.3885006876407685,
          "n": 76,
          "significant": false
        }
      }
    },
    "Other": {}
  }
}