{
  "overall_by_type": {
    "Offensive": {
      "composite": {
        "correlation": 0.21097113953465596,
        "p_value": 0.00018276179675893984,
        "n": 310,
        "slope": 1.2349822024852664,
        "significant": true
      },
      "pass_heavy": {
        "correlation": 0.21789152821562768,
        "p_value": 0.00010998093629044786,
        "n": 310,
        "slope": 0.6003020730552397,
        "significant": true
      }
    },
    "Defensive": {
      "composite": {
        "correlation": 0.18383093060980704,
        "p_value": 0.00346852568284508,
        "n": 251,
        "slope": 1.1157343537555202,
        "significant": true
      },
      "pass_heavy": {
        "correlation": 0.17714876809050709,
        "p_value": 0.004879970117850013,
        "n": 251,
        "slope": 0.44298028173222975,
        "significant": true
      }
    }
  },
  "by_type_and_era": {
    "Offensive": {
      "Early (2006-2011)": {
        "composite": {
          "correlation": 0.34356489709345744,
          "p_value": 0.0009154189715636464,
          "n": 90,
          "significant": true
        },
        "pass_heavy": {
          "correlation": 0.31802437373991815,
          "p_value": 0.0022536763051450182,
          "n": 90,
          "significant": true
        }
      },
      "Middle (2012-2017)": {
        "composite": {
          "correlation": -0.012955528949641412,
          "p_value": 0.9035374110376319,
          "n": 90,
          "significant": false
        },
        "pass_heavy": {
          "correlation": 0.004250682681052758,
          "p_value": 0.9682828718891237,
          "n": 90,
          "significant": false
        }
      },
      "Late (2018-2024)": {
        "composite": {
          "correlation": 0.14484543250040954,
          "p_value": 0.10012982257254727,
          "n": 130,
          "significant": false
        },
        "pass_heavy": {
          "correlation": 0.1885934895461043,
          "p_value": 0.03164625235446689,
          "n": 130,
          "significant": true
        }
      }
    },
    "Defensive": {
      "Early (2006-2011)": {
        "composite": {
          "correlation": 0.18885987745230326,
          "p_value": 0.07803102602219626,
          "n": 88,
          "significant": false
        },
        "pass_heavy": {
          "correlation": 0.061221053102511455,
          "p_value": 0.5709691598367527,
          "n": 88,
          "significant": false
        }
      },
      "Middle (2012-2017)": {
        "composite": {
          "correlation": 0.28028941085121123,
          "p_value": 0.008551456487256016,
          "n": 87,
          "significant": true
        },
        "pass_heavy": {
          "correlation": 0.31468935343516813,
          "p_value": 0.002991754155406971,
          "n": 87,
          "significant": true
        }
      },
      "Late (2018-2024)": {
        "composite": {
          "correlation": 0.0073590907581602754,
          "p_value": 0.9496927305285958,
          "n": 76,
          "significant": false
        },
        "pass_heavy": {
          "correlation": 0.10035746460422976,
          "p_value": 0.3883702164005877,
          "n": 76,
          "significant": false
        }
      }
    },
    "Other": {}
  }
}