{
  "generated_date": "2026-06-29T15:21:41.791364",
  "components": {
    "fourth_down_aggression": {
      "Early (2006-2011)": {
        "mean": -0.00553461851216295,
        "std": 0.023808686502555767,
        "n": 204
      },
      "Middle (2012-2017)": {
        "mean": -0.010533089984954117,
        "std": 0.02478292925307235,
        "n": 199
      },
      "Late (2018-2024)": {
        "mean": 0.021989620584735657,
        "std": 0.0319490120053636,
        "n": 238
      },
      "sd_change_early_to_late_pct": 34.2
    },
    "pass_heavy_aggression": {
      "Early (2006-2011)": {
        "mean": -0.018843983950990933,
        "std": 0.04917767159127908,
        "n": 204
      },
      "Middle (2012-2017)": {
        "mean": 0.005151418898948414,
        "std": 0.03952098664653384,
        "n": 199
      },
      "Late (2018-2024)": {
        "mean": 0.007518250350788333,
        "std": 0.046439354348960425,
        "n": 238
      },
      "sd_change_early_to_late_pct": -5.6
    },
    "deep_pass_aggression": {
      "Early (2006-2011)": {
        "mean": 0.004453801125520122,
        "std": 0.04152487208049583,
        "n": 204
      },
      "Middle (2012-2017)": {
        "mean": 0.007604940053110412,
        "std": 0.039902804862809456,
        "n": 199
      },
      "Late (2018-2024)": {
        "mean": -0.007204269369938276,
        "std": 0.033712276327925124,
        "n": 238
      },
      "sd_change_early_to_late_pct": -18.8
    },
    "two_point_aggression": {
      "Early (2006-2011)": {
        "mean": -0.006742396745559568,
        "std": 0.03148967970557455,
        "n": 204
      },
      "Middle (2012-2017)": {
        "mean": 0.0016887990740331357,
        "std": 0.04534687575613665,
        "n": 199
      },
      "Late (2018-2024)": {
        "mean": 0.03295808548930577,
        "std": 0.0498468367835136,
        "n": 238
      },
      "sd_change_early_to_late_pct": 58.3
    },
    "composite_aggression": {
      "Early (2006-2011)": {
        "mean": -0.007708627435151192,
        "std": 0.017152803539174224,
        "n": 204
      },
      "Middle (2012-2017)": {
        "mean": 0.001858815866966338,
        "std": 0.018176414333557045,
        "n": 199
      },
      "Late (2018-2024)": {
        "mean": 0.012073807481516804,
        "std": 0.020218154485521316,
        "n": 238
      },
      "sd_change_early_to_late_pct": 17.9
    }
  }
}