{
  "lag_1": {
    "composite": {
      "correlation": 0.5020460610450691,
      "p_value": 2.99456310263714e-31,
      "ci_low": 0.40005897607316104,
      "ci_high": 0.5818058562505268,
      "p_bootstrap_coach_clustered": 0.0,
      "n_coaches": 104,
      "slope": 0.49317339309347075,
      "intercept": 0.0028659390887238803,
      "r_squared": 0.2520502474108689,
      "n": 468,
      "significant": true
    },
    "fourth_down": {
      "correlation": 0.5307679029621942,
      "p_value": 2.277662615167569e-35,
      "ci_low": 0.4181698227805588,
      "ci_high": 0.6194638754647869,
      "p_bootstrap_coach_clustered": 0.0,
      "n_coaches": 104,
      "slope": 0.5234002229151918,
      "intercept": 0.0021443637020532517,
      "r_squared": 0.2817145668148852,
      "n": 468,
      "significant": true
    },
    "pass_heavy": {
      "correlation": 0.5484300502112994,
      "p_value": 4.1873101668460407e-38,
      "ci_low": 0.4400443637674671,
      "ci_high": 0.6388627963322656,
      "p_bootstrap_coach_clustered": 0.0,
      "n_coaches": 104,
      "slope": 0.5373826813048406,
      "intercept": 0.0028849272467138206,
      "r_squared": 0.30077551997476815,
      "n": 468,
      "significant": true
    },
    "deep_pass": {
      "correlation": 0.4647948869939429,
      "p_value": 1.8542357160405314e-26,
      "ci_low": 0.3428302054264378,
      "ci_high": 0.5591215305469773,
      "p_bootstrap_coach_clustered": 0.0,
      "n_coaches": 104,
      "slope": 0.4477329542115269,
      "intercept": 0.0005274049103575146,
      "r_squared": 0.2160342869757124,
      "n": 468,
      "significant": true
    },
    "two_point": {
      "correlation": 0.4260017661571003,
      "p_value": 4.678939914139844e-22,
      "ci_low": 0.29019075092240526,
      "ci_high": 0.5430206039964189,
      "p_bootstrap_coach_clustered": 0.0,
      "n_coaches": 104,
      "slope": 0.4654916721485713,
      "intercept": 0.008127818400897775,
      "r_squared": 0.18147750476896876,
      "n": 468,
      "significant": true
    }
  },
  "lag_2": {
    "composite": {
      "correlation": 0.4311046116764084,
      "p_value": 4.7834806507724404e-17,
      "ci_low": 0.3333215557869304,
      "ci_high": 0.5139863521637505,
      "p_bootstrap_coach_clustered": 0.0,
      "n_coaches": 87,
      "slope": 0.43052357443771666,
      "intercept": 0.003401717439427597,
      "r_squared": 0.18585118620866692,
      "n": 345,
      "significant": true
    },
    "fourth_down": {
      "correlation": 0.4300773407138817,
      "p_value": 5.77615012898916e-17,
      "ci_low": 0.28917462969514623,
      "ci_high": 0.5486171007838592,
      "p_bootstrap_coach_clustered": 0.0,
      "n_coaches": 87,
      "slope": 0.43004774516692335,
      "intercept": 0.002092659924936012,
      "r_squared": 0.1849665189955241,
      "n": 345,
      "significant": true
    },
    "pass_heavy": {
      "correlation": 0.4087752356172868,
      "p_value": 2.502388398918139e-15,
      "ci_low": 0.2514831308780232,
      "ci_high": 0.5319309385246057,
      "p_bootstrap_coach_clustered": 0.0,
      "n_coaches": 87,
      "slope": 0.40029259342855295,
      "intercept": 0.005059744677735457,
      "r_squared": 0.16709719325396824,
      "n": 345,
      "significant": true
    },
    "deep_pass": {
      "correlation": 0.36081215922459625,
      "p_value": 4.7899609690838836e-12,
      "ci_low": 0.23011136175313326,
      "ci_high": 0.46702878893999694,
      "p_bootstrap_coach_clustered": 0.0,
      "n_coaches": 87,
      "slope": 0.3287915159489528,
      "intercept": -0.0007711504354595239,
      "r_squared": 0.13018541424431543,
      "n": 345,
      "significant": true
    },
    "two_point": {
      "correlation": 0.2725512552454138,
      "p_value": 2.7225183276108456e-07,
      "ci_low": 0.11652739254180788,
      "ci_high": 0.4280692164136689,
      "p_bootstrap_coach_clustered": 0.001,
      "n_coaches": 87,
      "slope": 0.33395205658415406,
      "intercept": 0.010034475625301832,
      "r_squared": 0.0742841867358507,
      "n": 345,
      "significant": true
    }
  },
  "lag_3": {
    "composite": {
      "correlation": 0.3152142400665864,
      "p_value": 4.228009017470705e-07,
      "ci_low": 0.195888832828671,
      "ci_high": 0.4354546824667193,
      "p_bootstrap_coach_clustered": 0.0,
      "n_coaches": 59,
      "slope": 0.326459270283158,
      "intercept": 0.004530985465796317,
      "r_squared": 0.09936001714075558,
      "n": 247,
      "significant": true
    },
    "fourth_down": {
      "correlation": 0.4049998778967026,
      "p_value": 3.627434763561422e-11,
      "ci_low": 0.2628018044350193,
      "ci_high": 0.5493444269878135,
      "p_bootstrap_coach_clustered": 0.0,
      "n_coaches": 59,
      "slope": 0.4046304776873491,
      "intercept": 0.0018180805758662255,
      "r_squared": 0.164024901096344,
      "n": 247,
      "significant": true
    },
    "pass_heavy": {
      "correlation": 0.32643832649483173,
      "p_value": 1.530509673421332e-07,
      "ci_low": 0.13153118681314682,
      "ci_high": 0.48759539586582984,
      "p_bootstrap_coach_clustered": 0.0,
      "n_coaches": 59,
      "slope": 0.3313149858358436,
      "intercept": 0.007028614086090588,
      "r_squared": 0.10656198100474658,
      "n": 247,
      "significant": true
    },
    "deep_pass": {
      "correlation": 0.3383548388856978,
      "p_value": 4.970775944054139e-08,
      "ci_low": 0.20147626853337386,
      "ci_high": 0.46082236911285035,
      "p_bootstrap_coach_clustered": 0.0,
      "n_coaches": 59,
      "slope": 0.30550866542151417,
      "intercept": -0.00018823854526019184,
      "r_squared": 0.11448399699736662,
      "n": 247,
      "significant": true
    },
    "two_point": {
      "correlation": 0.3449232980170052,
      "p_value": 2.6197196962101843e-08,
      "ci_low": 0.18840022251973124,
      "ci_high": 0.5309805686511347,
      "p_bootstrap_coach_clustered": 0.0,
      "n_coaches": 59,
      "slope": 0.43605021917480724,
      "intercept": 0.010732557390709378,
      "r_squared": 0.11897208151492765,
      "n": 247,
      "significant": true
    }
  }
}