{
  "generated_date": "2026-06-24T15:14:28.474361",
  "components": {
    "fourth_down_aggression": {
      "Early (2006-2011)": {
        "mean": -0.007536928055239627,
        "std": 0.01831896306371939,
        "n": 204
      },
      "Middle (2012-2017)": {
        "mean": -0.01226449621354706,
        "std": 0.020558382561400457,
        "n": 199
      },
      "Late (2018-2024)": {
        "mean": 0.01641434308705047,
        "std": 0.026496029850221234,
        "n": 238
      },
      "sd_change_early_to_late_pct": 44.6
    },
    "pass_heavy_aggression": {
      "Early (2006-2011)": {
        "mean": 0.003315174330688383,
        "std": 0.0467594092301382,
        "n": 204
      },
      "Middle (2012-2017)": {
        "mean": 0.02693101124243524,
        "std": 0.03736987228155909,
        "n": 199
      },
      "Late (2018-2024)": {
        "mean": 0.029767662645934535,
        "std": 0.04407139814931289,
        "n": 238
      },
      "sd_change_early_to_late_pct": -5.7
    },
    "deep_pass_aggression": {
      "Early (2006-2011)": {
        "mean": 0.004026395829085064,
        "std": 0.038865222704956265,
        "n": 204
      },
      "Middle (2012-2017)": {
        "mean": 0.007038592846050936,
        "std": 0.037778607159481455,
        "n": 199
      },
      "Late (2018-2024)": {
        "mean": -0.0070071379217185,
        "std": 0.031798395450223525,
        "n": 238
      },
      "sd_change_early_to_late_pct": -18.2
    },
    "two_point_aggression": {
      "Early (2006-2011)": {
        "mean": -0.01467084296342196,
        "std": 0.0241336310135543,
        "n": 204
      },
      "Middle (2012-2017)": {
        "mean": -0.009418639521548445,
        "std": 0.035019914495175726,
        "n": 199
      },
      "Late (2018-2024)": {
        "mean": 0.018542478700082597,
        "std": 0.04063352190293811,
        "n": 238
      },
      "sd_change_early_to_late_pct": 68.4
    },
    "composite_aggression": {
      "Early (2006-2011)": {
        "mean": -0.0037165502147220378,
        "std": 0.015284367106784087,
        "n": 204
      },
      "Middle (2012-2017)": {
        "mean": 0.0030716170883476573,
        "std": 0.015929484095564272,
        "n": 199
      },
      "Late (2018-2024)": {
        "mean": 0.014429336627837255,
        "std": 0.01784216241725266,
        "n": 238
      },
      "sd_change_early_to_late_pct": 16.7
    }
  }
}