{
  "overall_by_type": {
    "Offensive": {
      "composite": {
        "correlation": 0.21097113953465596,
        "p_value": 0.00018276179675893984,
        "n": 310,
        "slope": 1.2349822024852664,
        "significant": true,
        "ci_low": 0.08904855209012269,
        "ci_high": 0.3290797774805223,
        "n_coaches": 66,
        "p_clustered": 0.002,
        "small_cluster": false,
        "p_wild_cluster": null
      },
      "pass_heavy": {
        "correlation": 0.21789152821562768,
        "p_value": 0.00010998093629044786,
        "n": 310,
        "slope": 0.6003020730552397,
        "significant": true,
        "ci_low": 0.07546351184851745,
        "ci_high": 0.33929341529544654,
        "n_coaches": 66,
        "p_clustered": 0.004,
        "small_cluster": false,
        "p_wild_cluster": null
      }
    },
    "Defensive": {
      "composite": {
        "correlation": 0.1816043494542546,
        "p_value": 0.0037503669996259282,
        "n": 253,
        "slope": 1.1071650008054212,
        "significant": true,
        "ci_low": 0.018557530056751266,
        "ci_high": 0.3256200222180031,
        "n_coaches": 50,
        "p_clustered": 0.028,
        "small_cluster": false,
        "p_wild_cluster": null
      },
      "pass_heavy": {
        "correlation": 0.18326936431256172,
        "p_value": 0.003439469186920216,
        "n": 253,
        "slope": 0.4570920511439708,
        "significant": true,
        "ci_low": 0.0047358535604826195,
        "ci_high": 0.34342613886074597,
        "n_coaches": 50,
        "p_clustered": 0.04,
        "small_cluster": false,
        "p_wild_cluster": null
      }
    }
  },
  "by_type_and_era": {
    "Offensive": {
      "Early (2006-2011)": {
        "composite": {
          "correlation": 0.34356489709345744,
          "p_value": 0.0009154189715636464,
          "n": 90,
          "significant": true
        },
        "pass_heavy": {
          "correlation": 0.31802437373991815,
          "p_value": 0.0022536763051450182,
          "n": 90,
          "significant": true
        }
      },
      "Middle (2012-2017)": {
        "composite": {
          "correlation": -0.012955528949641412,
          "p_value": 0.9035374110376319,
          "n": 90,
          "significant": false
        },
        "pass_heavy": {
          "correlation": 0.004250682681052758,
          "p_value": 0.9682828718891237,
          "n": 90,
          "significant": false
        }
      },
      "Late (2018-2024)": {
        "composite": {
          "correlation": 0.14484543250040954,
          "p_value": 0.10012982257254727,
          "n": 130,
          "significant": false
        },
        "pass_heavy": {
          "correlation": 0.1885934895461043,
          "p_value": 0.03164625235446689,
          "n": 130,
          "significant": true
        }
      }
    },
    "Defensive": {
      "Early (2006-2011)": {
        "composite": {
          "correlation": 0.1706300694406247,
          "p_value": 0.10785118636180262,
          "n": 90,
          "significant": false
        },
        "pass_heavy": {
          "correlation": 0.07271521401233833,
          "p_value": 0.4958103225997028,
          "n": 90,
          "significant": false
        }
      },
      "Middle (2012-2017)": {
        "composite": {
          "correlation": 0.28028941085121123,
          "p_value": 0.008551456487256016,
          "n": 87,
          "significant": true
        },
        "pass_heavy": {
          "correlation": 0.31468935343516813,
          "p_value": 0.002991754155406971,
          "n": 87,
          "significant": true
        }
      },
      "Late (2018-2024)": {
        "composite": {
          "correlation": 0.0073590907581602754,
          "p_value": 0.9496927305285958,
          "n": 76,
          "significant": false
        },
        "pass_heavy": {
          "correlation": 0.10035746460422976,
          "p_value": 0.3883702164005877,
          "n": 76,
          "significant": false
        }
      }
    },
    "Other": {}
  }
}