{
  "overall_by_type": {
    "Offensive": {
      "composite": {
        "correlation": 0.09580668652484613,
        "p_value": 0.09219870064694158,
        "n": 310,
        "slope": 0.6340553450444144,
        "significant": false
      },
      "pass_heavy": {
        "correlation": 0.1435260514307266,
        "p_value": 0.011408203369429888,
        "n": 310,
        "slope": 0.47536383632354723,
        "significant": true
      }
    },
    "Defensive": {
      "composite": {
        "correlation": 0.10751402055144814,
        "p_value": 0.0891741078013481,
        "n": 251,
        "slope": 0.7879349895709605,
        "significant": false
      },
      "pass_heavy": {
        "correlation": 0.12767201137669731,
        "p_value": 0.043291556033919494,
        "n": 251,
        "slope": 0.3790001334376014,
        "significant": true
      }
    }
  },
  "by_type_and_era": {
    "Offensive": {
      "Early (2006-2011)": {
        "composite": {
          "correlation": 0.2275445037315643,
          "p_value": 0.031014944895932643,
          "n": 90,
          "significant": true
        },
        "pass_heavy": {
          "correlation": 0.2043874943093641,
          "p_value": 0.05331792515102221,
          "n": 90,
          "significant": false
        }
      },
      "Middle (2012-2017)": {
        "composite": {
          "correlation": -0.03956205117435293,
          "p_value": 0.7112206698356673,
          "n": 90,
          "significant": false
        },
        "pass_heavy": {
          "correlation": -0.038540714293247874,
          "p_value": 0.7183592926633883,
          "n": 90,
          "significant": false
        }
      },
      "Late (2018-2024)": {
        "composite": {
          "correlation": 0.019849529862361256,
          "p_value": 0.8226361472395941,
          "n": 130,
          "significant": false
        },
        "pass_heavy": {
          "correlation": 0.1510617757820344,
          "p_value": 0.08623640236691402,
          "n": 130,
          "significant": false
        }
      }
    },
    "Defensive": {
      "Early (2006-2011)": {
        "composite": {
          "correlation": 0.21703628933239505,
          "p_value": 0.042239837702094093,
          "n": 88,
          "significant": true
        },
        "pass_heavy": {
          "correlation": 0.048388073851528775,
          "p_value": 0.6543751371654609,
          "n": 88,
          "significant": false
        }
      },
      "Middle (2012-2017)": {
        "composite": {
          "correlation": 0.28804239832910683,
          "p_value": 0.00682190935482978,
          "n": 87,
          "significant": true
        },
        "pass_heavy": {
          "correlation": 0.2573631199538256,
          "p_value": 0.016106658589107346,
          "n": 87,
          "significant": true
        }
      },
      "Late (2018-2024)": {
        "composite": {
          "correlation": -0.12230848252791748,
          "p_value": 0.292548618033958,
          "n": 76,
          "significant": false
        },
        "pass_heavy": {
          "correlation": 0.10634828955386272,
          "p_value": 0.36053083885627973,
          "n": 76,
          "significant": false
        }
      }
    },
    "Other": {}
  }
}