{
  "lag_1": {
    "composite": {
      "correlation": 0.5156693796071266,
      "p_value": 4.356292727497524e-33,
      "ci_low": 0.4147091200280574,
      "ci_high": 0.597064510024128,
      "p_bootstrap_coach_clustered": 0.0,
      "n_coaches": 104,
      "slope": 0.5097268639154171,
      "intercept": 0.0028456700918066324,
      "r_squared": 0.2659149090643988,
      "n": 467,
      "significant": true
    },
    "fourth_down": {
      "correlation": 0.5235680931170781,
      "p_value": 3.141649437857813e-34,
      "ci_low": 0.42237816974370546,
      "ci_high": 0.6105382326405224,
      "p_bootstrap_coach_clustered": 0.0,
      "n_coaches": 104,
      "slope": 0.5157692648395821,
      "intercept": 0.0023340481854797345,
      "r_squared": 0.27412354813025336,
      "n": 467,
      "significant": true
    },
    "pass_heavy": {
      "correlation": 0.5515913836923421,
      "p_value": 1.5638335016962941e-38,
      "ci_low": 0.44602615101022813,
      "ci_high": 0.6423783117468558,
      "p_bootstrap_coach_clustered": 0.0,
      "n_coaches": 104,
      "slope": 0.5381726751423901,
      "intercept": 0.0027637122599761333,
      "r_squared": 0.3042530545636324,
      "n": 467,
      "significant": true
    },
    "deep_pass": {
      "correlation": 0.47235650226483017,
      "p_value": 2.4988200190732107e-27,
      "ci_low": 0.3494459740100823,
      "ci_high": 0.5673010142946664,
      "p_bootstrap_coach_clustered": 0.0,
      "n_coaches": 104,
      "slope": 0.45376455469867394,
      "intercept": 0.0003161030771342776,
      "r_squared": 0.22312066523186455,
      "n": 467,
      "significant": true
    },
    "two_point": {
      "correlation": 0.3996696508778426,
      "p_value": 2.444561845007185e-19,
      "ci_low": 0.2584113806485516,
      "ci_high": 0.5278826415218612,
      "p_bootstrap_coach_clustered": 0.0,
      "n_coaches": 104,
      "slope": 0.42385308158837287,
      "intercept": 0.00816702198619455,
      "r_squared": 0.15973582983281664,
      "n": 467,
      "significant": true
    }
  },
  "lag_2": {
    "composite": {
      "correlation": 0.4349439803361555,
      "p_value": 2.6142465208984554e-17,
      "ci_low": 0.3337296684604766,
      "ci_high": 0.5217292478363127,
      "p_bootstrap_coach_clustered": 0.0,
      "n_coaches": 86,
      "slope": 0.43572748091168945,
      "intercept": 0.003563291904560355,
      "r_squared": 0.18917626603065793,
      "n": 344,
      "significant": true
    },
    "fourth_down": {
      "correlation": 0.4029364708461633,
      "p_value": 7.346793740684952e-15,
      "ci_low": 0.2515037275219612,
      "ci_high": 0.5442267773272886,
      "p_bootstrap_coach_clustered": 0.0,
      "n_coaches": 86,
      "slope": 0.40110073168397964,
      "intercept": 0.002725024284079462,
      "r_squared": 0.16235779953796092,
      "n": 344,
      "significant": true
    },
    "pass_heavy": {
      "correlation": 0.4178748001116577,
      "p_value": 5.697306614323338e-16,
      "ci_low": 0.26539206755190903,
      "ci_high": 0.540926150296636,
      "p_bootstrap_coach_clustered": 0.0,
      "n_coaches": 86,
      "slope": 0.4073257174026054,
      "intercept": 0.0049560729816824495,
      "r_squared": 0.17461934856835773,
      "n": 344,
      "significant": true
    },
    "deep_pass": {
      "correlation": 0.36611489001145603,
      "p_value": 2.373039347618654e-12,
      "ci_low": 0.2308449878807289,
      "ci_high": 0.4757791007459978,
      "p_bootstrap_coach_clustered": 0.0,
      "n_coaches": 86,
      "slope": 0.3317620564403401,
      "intercept": -0.0009527182031941437,
      "r_squared": 0.1340401126881007,
      "n": 344,
      "significant": true
    },
    "two_point": {
      "correlation": 0.23307332396644856,
      "p_value": 1.257183940753802e-05,
      "ci_low": 0.031959803949724384,
      "ci_high": 0.44350278915619207,
      "p_bootstrap_coach_clustered": 0.022,
      "n_coaches": 86,
      "slope": 0.27205820752167376,
      "intercept": 0.009677233825589888,
      "r_squared": 0.05432317434476898,
      "n": 344,
      "significant": true
    }
  },
  "lag_3": {
    "composite": {
      "correlation": 0.34098522573051915,
      "p_value": 3.853023008612532e-08,
      "ci_low": 0.22224517712291517,
      "ci_high": 0.45608720921084955,
      "p_bootstrap_coach_clustered": 0.0,
      "n_coaches": 59,
      "slope": 0.35308926532237017,
      "intercept": 0.004657313024632054,
      "r_squared": 0.11627092416649298,
      "n": 247,
      "significant": true
    },
    "fourth_down": {
      "correlation": 0.39762473456518993,
      "p_value": 8.761960467954687e-11,
      "ci_low": 0.25154479191807044,
      "ci_high": 0.545232942254374,
      "p_bootstrap_coach_clustered": 0.0,
      "n_coaches": 59,
      "slope": 0.38851111958948464,
      "intercept": 0.002590904141019203,
      "r_squared": 0.1581054295380376,
      "n": 247,
      "significant": true
    },
    "pass_heavy": {
      "correlation": 0.3321974282306022,
      "p_value": 8.940927072358882e-08,
      "ci_low": 0.13783660085005925,
      "ci_high": 0.491638824921845,
      "p_bootstrap_coach_clustered": 0.0,
      "n_coaches": 59,
      "slope": 0.33529034482066605,
      "intercept": 0.00694067159189353,
      "r_squared": 0.11035513132302636,
      "n": 247,
      "significant": true
    },
    "deep_pass": {
      "correlation": 0.349580668439709,
      "p_value": 1.6485207757489327e-08,
      "ci_low": 0.21406222266343847,
      "ci_high": 0.4651911101566282,
      "p_bootstrap_coach_clustered": 0.0,
      "n_coaches": 59,
      "slope": 0.315844330248444,
      "intercept": -0.00035074083231296767,
      "r_squared": 0.1222066437467539,
      "n": 247,
      "significant": true
    },
    "two_point": {
      "correlation": 0.31394592524814174,
      "p_value": 4.730206774580161e-07,
      "ci_low": 0.1622090171280797,
      "ci_high": 0.512215271033905,
      "p_bootstrap_coach_clustered": 0.0,
      "n_coaches": 59,
      "slope": 0.3560738141946177,
      "intercept": 0.010735084825344843,
      "r_squared": 0.09856204397991176,
      "n": 247,
      "significant": true
    }
  }
}