{
  "Composite Aggression": {
    "correlation": 0.08146445089605561,
    "p_value": 0.045004955194079495,
    "slope": 8.61762498571001,
    "intercept": 0.021007634292452733,
    "r_squared": 0.0066364567597958606,
    "std_err": 4.289978302709439,
    "n": 606,
    "significant": true
  },
  "4th Down Aggression": {
    "correlation": 0.04146680717723406,
    "p_value": 0.3081450690622774,
    "slope": 2.9637495859756084,
    "intercept": 0.05229549433688639,
    "r_squared": 0.0017194960974739081,
    "std_err": 2.9056863588465047,
    "n": 606,
    "significant": false
  },
  "Pass-Heavy Aggression": {
    "correlation": 0.1216149123930675,
    "p_value": 0.0027108157390288616,
    "slope": 5.803949976344884,
    "intercept": -0.06433798436439835,
    "r_squared": 0.014790186916373503,
    "std_err": 1.9274482410603109,
    "n": 606,
    "significant": true
  },
  "Deep Pass Aggression": {
    "correlation": 0.020127728034758412,
    "p_value": 0.6209441255647337,
    "slope": 1.051403703681678,
    "intercept": 0.05855810017411418,
    "r_squared": 0.0004051254358412014,
    "std_err": 2.1250457671568563,
    "n": 606,
    "significant": false
  },
  "2-Point Aggression": {
    "correlation": -0.02054487634507756,
    "p_value": 0.613724838329495,
    "slope": -0.9739528440098019,
    "intercept": 0.052627047728654314,
    "r_squared": 0.00042209194403452864,
    "std_err": 1.9285204729797718,
    "n": 606,
    "significant": false
  }
}