{
  "by_era": {
    "Early (2006-2011)": {
      "composite": {
        "correlation": 0.2389732626515047,
        "p_value": 0.0008432680383063963,
        "n": 192,
        "significant": true,
        "ci_low": 0.07003326771062643,
        "ci_high": 0.38041696016513926,
        "n_coaches": 61,
        "p_clustered": 0.004,
        "small_cluster": false,
        "p_wild_cluster": null
      },
      "pass_heavy": {
        "correlation": 0.17309100680289663,
        "p_value": 0.01635442944170521,
        "n": 192,
        "significant": true,
        "ci_low": 0.0010912922160469366,
        "ci_high": 0.32197446756195397,
        "n_coaches": 61,
        "p_clustered": 0.048,
        "small_cluster": false,
        "p_wild_cluster": null
      }
    },
    "Middle (2012-2017)": {
      "composite": {
        "correlation": 0.13655460204261935,
        "p_value": 0.05893779909827508,
        "n": 192,
        "significant": false,
        "ci_low": -0.06685795828502658,
        "ci_high": 0.29161693673000705,
        "n_coaches": 59,
        "p_clustered": 0.157,
        "small_cluster": false,
        "p_wild_cluster": null
      },
      "pass_heavy": {
        "correlation": 0.1754781542630044,
        "p_value": 0.014910739466596917,
        "n": 192,
        "significant": true,
        "ci_low": 0.0072393353957237155,
        "ci_high": 0.3230474168315457,
        "n_coaches": 59,
        "p_clustered": 0.044,
        "small_cluster": false,
        "p_wild_cluster": null
      }
    },
    "Late (2018-2024)": {
      "composite": {
        "correlation": 0.1009284992025215,
        "p_value": 0.13207839442161012,
        "n": 224,
        "significant": false,
        "ci_low": -0.034202335226046335,
        "ci_high": 0.2454458683077116,
        "n_coaches": 67,
        "p_clustered": 0.146,
        "small_cluster": false,
        "p_wild_cluster": null
      },
      "pass_heavy": {
        "correlation": 0.13142217690549804,
        "p_value": 0.0494754634206985,
        "n": 224,
        "significant": true,
        "ci_low": -0.043547939206931965,
        "ci_high": 0.30512546846206245,
        "n_coaches": 67,
        "p_clustered": 0.143,
        "small_cluster": false,
        "p_wild_cluster": null
      }
    }
  },
  "rolling_correlation": {
    "composite": [
      {
        "year": 2006,
        "correlation": 0.23266515480647246,
        "p_value": 0.008221012304325311,
        "n": 128
      },
      {
        "year": 2007,
        "correlation": 0.21308062057816435,
        "p_value": 0.0068245221857211906,
        "n": 160
      },
      {
        "year": 2008,
        "correlation": 0.2389732626515047,
        "p_value": 0.0008432680383063963,
        "n": 192
      },
      {
        "year": 2009,
        "correlation": 0.2277827016049575,
        "p_value": 0.0005918165917221663,
        "n": 224
      },
      {
        "year": 2010,
        "correlation": 0.24364985117262858,
        "p_value": 0.00023154120268354308,
        "n": 224
      },
      {
        "year": 2011,
        "correlation": 0.24074257546483896,
        "p_value": 0.00027628474107215044,
        "n": 224
      },
      {
        "year": 2012,
        "correlation": 0.23491541254107032,
        "p_value": 0.0003911662485211603,
        "n": 224
      },
      {
        "year": 2013,
        "correlation": 0.1913969494676639,
        "p_value": 0.0040381120427248965,
        "n": 224
      },
      {
        "year": 2014,
        "correlation": 0.20032714438260402,
        "p_value": 0.002594985015374234,
        "n": 224
      },
      {
        "year": 2015,
        "correlation": 0.11610402316802396,
        "p_value": 0.08294782275541902,
        "n": 224
      },
      {
        "year": 2016,
        "correlation": 0.09093619673498773,
        "p_value": 0.17503380270786348,
        "n": 224
      },
      {
        "year": 2017,
        "correlation": 0.061414924507572445,
        "p_value": 0.36024630907771255,
        "n": 224
      },
      {
        "year": 2018,
        "correlation": 0.0854727068752785,
        "p_value": 0.20251646189259986,
        "n": 224
      },
      {
        "year": 2019,
        "correlation": 0.08079981782427675,
        "p_value": 0.22839420298198312,
        "n": 224
      },
      {
        "year": 2020,
        "correlation": 0.1305193871845033,
        "p_value": 0.05107375989281057,
        "n": 224
      },
      {
        "year": 2021,
        "correlation": 0.1009284992025215,
        "p_value": 0.13207839442161012,
        "n": 224
      },
      {
        "year": 2022,
        "correlation": 0.11664373386354447,
        "p_value": 0.1071331894774889,
        "n": 192
      },
      {
        "year": 2023,
        "correlation": 0.1419943351804458,
        "p_value": 0.07327629089465654,
        "n": 160
      },
      {
        "year": 2024,
        "correlation": 0.21590114835803167,
        "p_value": 0.014380300797714555,
        "n": 128
      }
    ],
    "pass_heavy": [
      {
        "year": 2006,
        "correlation": 0.15328606042675338,
        "p_value": 0.08408764568419747,
        "n": 128
      },
      {
        "year": 2007,
        "correlation": 0.11992620056926162,
        "p_value": 0.13091010066918704,
        "n": 160
      },
      {
        "year": 2008,
        "correlation": 0.17309100680289663,
        "p_value": 0.01635442944170521,
        "n": 192
      },
      {
        "year": 2009,
        "correlation": 0.17984943835407807,
        "p_value": 0.006960646136444515,
        "n": 224
      },
      {
        "year": 2010,
        "correlation": 0.22001573245331776,
        "p_value": 0.0009158169262159137,
        "n": 224
      },
      {
        "year": 2011,
        "correlation": 0.22219742089439462,
        "p_value": 0.0008113207778427132,
        "n": 224
      },
      {
        "year": 2012,
        "correlation": 0.21611882250451403,
        "p_value": 0.0011338126674181874,
        "n": 224
      },
      {
        "year": 2013,
        "correlation": 0.2196510335663991,
        "p_value": 0.0009344478355063741,
        "n": 224
      },
      {
        "year": 2014,
        "correlation": 0.2500634261886978,
        "p_value": 0.00015561779714381543,
        "n": 224
      },
      {
        "year": 2015,
        "correlation": 0.1475943299268417,
        "p_value": 0.027192615241966298,
        "n": 224
      },
      {
        "year": 2016,
        "correlation": 0.11287220436376486,
        "p_value": 0.09193940868384402,
        "n": 224
      },
      {
        "year": 2017,
        "correlation": 0.11599217932934744,
        "p_value": 0.08324671159552847,
        "n": 224
      },
      {
        "year": 2018,
        "correlation": 0.11501201462616317,
        "p_value": 0.08590331019676585,
        "n": 224
      },
      {
        "year": 2019,
        "correlation": 0.136272898943656,
        "p_value": 0.041584895165269344,
        "n": 224
      },
      {
        "year": 2020,
        "correlation": 0.14481022373794483,
        "p_value": 0.030263194925822422,
        "n": 224
      },
      {
        "year": 2021,
        "correlation": 0.13142217690549804,
        "p_value": 0.0494754634206985,
        "n": 224
      },
      {
        "year": 2022,
        "correlation": 0.15472890351055751,
        "p_value": 0.03212044091220361,
        "n": 192
      },
      {
        "year": 2023,
        "correlation": 0.17516444727748248,
        "p_value": 0.026728534075967484,
        "n": 160
      },
      {
        "year": 2024,
        "correlation": 0.16138865671029695,
        "p_value": 0.06876779457227489,
        "n": 128
      }
    ]
  }
}