{
  "Composite Aggression": {
    "correlation": 0.1715753595178477,
    "p_value": 2.1714466854726247e-05,
    "ci_low": 0.08004843898204086,
    "ci_high": 0.25555343846434103,
    "p_bootstrap_coach_clustered": 0.001,
    "n_coaches": 123,
    "slope": 18.452790682375973,
    "intercept": -0.15242335108459365,
    "r_squared": 0.029438103993678764,
    "std_err": 4.311221009607658,
    "n": 606,
    "significant": true
  },
  "4th Down Aggression": {
    "correlation": 0.08490948580581083,
    "p_value": 0.03664638987056918,
    "ci_low": -0.0003912729995680212,
    "ci_high": 0.17072080954203805,
    "p_bootstrap_coach_clustered": 0.051,
    "n_coaches": 123,
    "slope": 6.630632941978682,
    "intercept": -0.05431137896923665,
    "r_squared": 0.007209620779807193,
    "std_err": 3.1659867043351078,
    "n": 606,
    "significant": true
  },
  "Pass-Heavy Aggression": {
    "correlation": 0.170106089871908,
    "p_value": 2.558404503285105e-05,
    "ci_low": 0.06688676479924555,
    "ci_high": 0.265569267275175,
    "p_bootstrap_coach_clustered": 0.001,
    "n_coaches": 123,
    "slope": 7.490535582884024,
    "intercept": -0.21437051025756132,
    "r_squared": 0.02893608181150968,
    "std_err": 1.7656249165042766,
    "n": 606,
    "significant": true
  },
  "Deep Pass Aggression": {
    "correlation": 0.035857905622811034,
    "p_value": 0.3782218331767518,
    "ci_low": -0.04632698699354025,
    "ci_high": 0.12351017730102858,
    "p_bootstrap_coach_clustered": 0.41,
    "n_coaches": 123,
    "slope": 1.9611973027596266,
    "intercept": -0.055609913926399517,
    "r_squared": 0.0012857893956544242,
    "std_err": 2.224019101025636,
    "n": 606,
    "significant": false
  },
  "2-Point Aggression": {
    "correlation": 0.041799528639940645,
    "p_value": 0.3042762467023129,
    "ci_low": -0.04548941110769316,
    "ci_high": 0.13135918798214324,
    "p_bootstrap_coach_clustered": 0.369,
    "n_coaches": 123,
    "slope": 2.253504927035812,
    "intercept": -0.053719046344296716,
    "r_squared": 0.0017472005945212222,
    "std_err": 2.191739459442492,
    "n": 606,
    "significant": false
  }
}