{
  "Composite Aggression": {
    "correlation": 0.08738182917045637,
    "p_value": 0.031495272925128104,
    "slope": 9.659810652776034,
    "intercept": 0.15701941159613206,
    "r_squared": 0.007635584069174819,
    "std_err": 4.480893317934077,
    "n": 606,
    "significant": true
  },
  "4th Down Aggression": {
    "correlation": 0.05569721605995453,
    "p_value": 0.17089479030865412,
    "slope": 4.160087093830969,
    "intercept": 0.19249696788942008,
    "r_squared": 0.0031021798768292533,
    "std_err": 3.034420673964814,
    "n": 606,
    "significant": false
  },
  "Pass-Heavy Aggression": {
    "correlation": 0.11466779773225466,
    "p_value": 0.004709142697581461,
    "slope": 5.718818675170572,
    "intercept": 0.07697373421258248,
    "r_squared": 0.013148703836765264,
    "std_err": 2.015915126721965,
    "n": 606,
    "significant": true
  },
  "Deep Pass Aggression": {
    "correlation": 0.01277028061453839,
    "p_value": 0.7537256676960148,
    "slope": 0.6971130505228601,
    "intercept": 0.19558608390302817,
    "r_squared": 0.00016308006697405512,
    "std_err": 2.221001684853526,
    "n": 606,
    "significant": false
  },
  "2-Point Aggression": {
    "correlation": -0.00579833717195843,
    "p_value": 0.8867288776639207,
    "slope": -0.28725387104987293,
    "intercept": 0.1910031624172666,
    "r_squared": 3.3620713959714835e-05,
    "std_err": 2.0157499329362536,
    "n": 606,
    "significant": false
  }
}