{
  "war_distribution": {
    "n": 606,
    "mean": 0.05085997261450229,
    "median": 0.0321485763549792,
    "std": 1.826986746154851,
    "min": -7.741864204406737,
    "max": 5.9391841888427725,
    "percentiles": {
      "10th": -2.235668659210204,
      "25th": -1.0542040409088127,
      "50th": 0.0321485763549792,
      "75th": 1.3468415405273428,
      "90th": 2.410114765167236
    },
    "iqr": 2.4010455814361555
  },
  "pooled": {
    "label": "Pooled (2006-2024)",
    "n": 606,
    "n_coaches": 123,
    "beta": 13.604974990577603,
    "se": 5.752089188854841,
    "t": 2.3652232334885195,
    "p": 0.019609310337311392,
    "effect_sizes": {
      "cohens_d": 0.12861105222144442,
      "standardized_beta": 0.12861105222144442,
      "ci_95_lower": 2.217197255783784,
      "ci_95_upper": 24.99275272537142,
      "sd_war": 1.826986746154851,
      "sd_aggression": 0.01727093860740957,
      "effect_1sd_aggression_games": 0.23497068781760838,
      "proportion_iqr": 0.09786181888186546,
      "percentile_impact": 55.11672897317595
    },
    "power_analysis": {
      "power": 0.6504279193810143,
      "mde_80_power": 16.22885813353925,
      "observed_effect": 13.604974990577603,
      "se": 5.752089188854841,
      "n": 606,
      "n_clusters": 123,
      "df": 121,
      "sufficient_power": false
    }
  },
  "stratified": {
    "Early (2006-2011)": {
      "label": "Early (2006-2011)",
      "n": 190,
      "n_coaches": 60,
      "beta": 19.526030103433147,
      "se": 14.284211419343512,
      "t": 1.3669659129373586,
      "p": 0.17691112647132212,
      "effect_sizes": {
        "cohens_d": 0.1376951324006757,
        "standardized_beta": 0.1376951324006757,
        "ci_95_lower": -9.066925641893793,
        "ci_95_upper": 48.11898584876009,
        "sd_war": 1.8751538606271563,
        "sd_aggression": 0.013223351482250189,
        "effect_1sd_aggression_games": 0.25819955911069453,
        "proportion_iqr": 0.10753630047966672,
        "percentile_impact": 55.61935417459549
      },
      "power_analysis": {
        "power": 0.26955915898361593,
        "mde_80_power": 40.614851380691135,
        "observed_effect": 19.526030103433147,
        "se": 14.284211419343512,
        "n": 190,
        "n_clusters": 60,
        "df": 58,
        "sufficient_power": false
      }
    },
    "Middle (2012-2017)": {
      "label": "Middle (2012-2017)",
      "n": 192,
      "n_coaches": 59,
      "beta": 10.882389991970467,
      "se": 9.226034197148918,
      "t": 1.1795306368291378,
      "p": 0.24308671226429168,
      "effect_sizes": {
        "cohens_d": 0.09456013535382723,
        "standardized_beta": 0.09456013535382723,
        "ci_95_lower": -7.592424814057878,
        "ci_95_upper": 29.35720479799881,
        "sd_war": 1.8158276512101317,
        "sd_aggression": 0.01577823516749024,
        "effect_1sd_aggression_games": 0.17170490847765224,
        "proportion_iqr": 0.07151255678159557,
        "percentile_impact": 53.743849843608125
      },
      "power_analysis": {
        "power": 0.21268895175130478,
        "mde_80_power": 26.239641088018708,
        "observed_effect": 10.882389991970467,
        "se": 9.226034197148918,
        "n": 192,
        "n_clusters": 59,
        "df": 57,
        "sufficient_power": false
      }
    },
    "Late (2018-2024)": {
      "label": "Late (2018-2024)",
      "n": 224,
      "n_coaches": 67,
      "beta": 7.288973372682225,
      "se": 8.525834269905705,
      "t": 0.8549278747313535,
      "p": 0.3957313143538532,
      "effect_sizes": {
        "cohens_d": 0.07346652554386929,
        "standardized_beta": 0.07346652554386929,
        "ci_95_lower": -9.738293448414119,
        "ci_95_upper": 24.31624019377857,
        "sd_war": 1.7877862118096097,
        "sd_aggression": 0.018019333406970053,
        "effect_1sd_aggression_games": 0.131342441396888,
        "proportion_iqr": 0.05470218575289485,
        "percentile_impact": 52.86553551738875
      },
      "power_analysis": {
        "power": 0.13440219045656765,
        "mde_80_power": 24.202789976572607,
        "observed_effect": 7.288973372682225,
        "se": 8.525834269905705,
        "n": 224,
        "n_clusters": 67,
        "df": 65,
        "sufficient_power": false
      }
    }
  }
}