{
  "war_distribution": {
    "n": 606,
    "mean": -0.054800781847384156,
    "median": 0.032873713874815996,
    "std": 1.9167002276534246,
    "min": -8.617347717285156,
    "max": 4.546465299987792,
    "percentiles": {
      "10th": -2.550464891052245,
      "25th": -1.2333932783126815,
      "50th": 0.032873713874815996,
      "75th": 1.278134919929504,
      "90th": 2.4002635478973375
    },
    "iqr": 2.5115281982421855
  },
  "pooled": {
    "label": "Pooled (2006-2024)",
    "n": 606,
    "n_coaches": 123,
    "beta": 21.739554436245548,
    "se": 5.174961158207235,
    "t": 4.200911614914768,
    "p": 5.111164526439005e-05,
    "effect_sizes": {
      "cohens_d": 0.2272563378136514,
      "standardized_beta": 0.2272563378136514,
      "ci_95_lower": 11.49435386285396,
      "ci_95_upper": 31.984755009637137,
      "sd_war": 1.9167002276534246,
      "sd_aggression": 0.020036393832289365,
      "effect_1sd_aggression_games": 0.4355822744231092,
      "proportion_iqr": 0.17343316102442033,
      "percentile_impact": 58.98877888786711
    },
    "power_analysis": {
      "power": 0.9863563345254126,
      "mde_80_power": 14.600557767053878,
      "observed_effect": 21.739554436245548,
      "se": 5.174961158207235,
      "n": 606,
      "n_clusters": 123,
      "df": 121,
      "sufficient_power": true
    }
  },
  "stratified": {
    "Early (2006-2011)": {
      "label": "Early (2006-2011)",
      "n": 190,
      "n_coaches": 60,
      "beta": 23.23168796992351,
      "se": 11.270843653609452,
      "t": 2.0612199657728048,
      "p": 0.043774542990314025,
      "effect_sizes": {
        "cohens_d": 0.19953443164154258,
        "standardized_beta": 0.19953443164154258,
        "ci_95_lower": 0.6706431674260998,
        "ci_95_upper": 45.79273277242092,
        "sd_war": 1.9638116251600783,
        "sd_aggression": 0.01686696364830095,
        "effect_1sd_aggression_games": 0.3918480364773703,
        "proportion_iqr": 0.15601976388384733,
        "percentile_impact": 58.09947227514674
      },
      "power_analysis": {
        "power": 0.5267680196194747,
        "mde_80_power": 32.04682614165565,
        "observed_effect": 23.23168796992351,
        "se": 11.270843653609452,
        "n": 190,
        "n_clusters": 60,
        "df": 58,
        "sufficient_power": false
      }
    },
    "Middle (2012-2017)": {
      "label": "Middle (2012-2017)",
      "n": 192,
      "n_coaches": 59,
      "beta": 13.277445904506985,
      "se": 8.376936130683458,
      "t": 1.585000255149815,
      "p": 0.11849918303141571,
      "effect_sizes": {
        "cohens_d": 0.12479891140867401,
        "standardized_beta": 0.12479891140867401,
        "ci_95_lower": -3.497079351873497,
        "ci_95_upper": 30.05197116088747,
        "sd_war": 1.9311190435440762,
        "sd_aggression": 0.01815119836813293,
        "effect_1sd_aggression_games": 0.24100155443486046,
        "proportion_iqr": 0.09595813202636429,
        "percentile_impact": 55.003023654181995
      },
      "power_analysis": {
        "power": 0.3441889664431578,
        "mde_80_power": 23.824732576247808,
        "observed_effect": 13.277445904506985,
        "se": 8.376936130683458,
        "n": 192,
        "n_clusters": 59,
        "df": 57,
        "sufficient_power": false
      }
    },
    "Late (2018-2024)": {
      "label": "Late (2018-2024)",
      "n": 224,
      "n_coaches": 67,
      "beta": 17.6429024814865,
      "se": 7.887084152877628,
      "t": 2.2369360006193713,
      "p": 0.02872674753209692,
      "effect_sizes": {
        "cohens_d": 0.19049474290626925,
        "standardized_beta": 0.19049474290626925,
        "ci_95_lower": 1.8913077330967596,
        "ci_95_upper": 33.394497229876244,
        "sd_war": 1.8295725610074474,
        "sd_aggression": 0.019754343425249916,
        "effect_1sd_aggression_games": 0.3485239546374783,
        "proportion_iqr": 0.1387696761204631,
        "percentile_impact": 57.21440492072504
      },
      "power_analysis": {
        "power": 0.596337541828029,
        "mde_80_power": 22.389532242427993,
        "observed_effect": 17.6429024814865,
        "se": 7.887084152877628,
        "n": 224,
        "n_clusters": 67,
        "df": 65,
        "sufficient_power": false
      }
    }
  }
}