{
  "war_distribution": {
    "n": 585,
    "mean": -0.028735396946964156,
    "median": 0.063495635986328,
    "std": 1.9275875649169139,
    "min": -8.617347717285156,
    "max": 4.546465299987792,
    "percentiles": {
      "10th": -2.5647096443176265,
      "25th": -1.223567008972168,
      "50th": 0.063495635986328,
      "75th": 1.3006191253662096,
      "90th": 2.428265190124511
    },
    "iqr": 2.5241861343383776
  },
  "pooled": {
    "label": "Pooled (2006-2024)",
    "n": 585,
    "n_coaches": 102,
    "beta": 22.149804280793145,
    "se": 5.1628928618910095,
    "t": 4.290192508988139,
    "p": 4.127934735365102e-05,
    "effect_sizes": {
      "cohens_d": 0.21190470599881162,
      "ci_95_lower": 11.906771889612832,
      "ci_95_upper": 32.392836671973456,
      "sd_war": 1.6105513846964747,
      "sd_aggression": 0.015407965386223481,
      "effect_1sd_aggression_games": 0.34128341767008546,
      "proportion_iqr": 0.1352053293643261,
      "percentile_impact": 57.02662652023995
    },
    "power_analysis": {
      "power": 0.9889511224708701,
      "mde_80_power": 14.588232650409818,
      "observed_effect": 22.149804280793145,
      "se": 5.1628928618910095,
      "n": 585,
      "n_clusters": 102,
      "df": 100,
      "sufficient_power": true
    }
  },
  "stratified": {
    "Early (2006-2011)": {
      "label": "Early (2006-2011)",
      "n": 182,
      "n_coaches": 52,
      "beta": 23.767154330524615,
      "se": 11.413277715887336,
      "t": 2.0824126882885383,
      "p": 0.04244128637724476,
      "effect_sizes": {
        "cohens_d": 0.18229783326458,
        "ci_95_lower": 0.842911375342549,
        "ci_95_upper": 46.691397285706685,
        "sd_war": 1.6289723007991894,
        "sd_aggression": 0.012494475222148107,
        "effect_1sd_aggression_games": 0.2969581208837099,
        "proportion_iqr": 0.11764509631202237,
        "percentile_impact": 56.1217555372647
      },
      "power_analysis": {
        "power": 0.5328523934843761,
        "mde_80_power": 32.52989982553742,
        "observed_effect": 23.767154330524615,
        "se": 11.413277715887336,
        "n": 182,
        "n_clusters": 52,
        "df": 50,
        "sufficient_power": false
      }
    },
    "Middle (2012-2017)": {
      "label": "Middle (2012-2017)",
      "n": 189,
      "n_coaches": 56,
      "beta": 13.30047650542265,
      "se": 8.34494482660089,
      "t": 1.593836362227966,
      "p": 0.11680977283994554,
      "effect_sizes": {
        "cohens_d": 0.12461873696927225,
        "ci_95_lower": -3.4301305385015493,
        "ci_95_upper": 30.031083549346846,
        "sd_war": 1.5658684024439775,
        "sd_aggression": 0.014671394855146937,
        "effect_1sd_aggression_games": 0.19513654257266055,
        "proportion_iqr": 0.07730671677420034,
        "percentile_impact": 54.03174699177071
      },
      "power_analysis": {
        "power": 0.3468356118077008,
        "mde_80_power": 23.75388980298595,
        "observed_effect": 13.30047650542265,
        "se": 8.34494482660089,
        "n": 189,
        "n_clusters": 56,
        "df": 54,
        "sufficient_power": false
      }
    },
    "Late (2018-2024)": {
      "label": "Late (2018-2024)",
      "n": 214,
      "n_coaches": 57,
      "beta": 17.800720108869115,
      "se": 7.8908015530225715,
      "t": 2.2558823700300192,
      "p": 0.028075330323236836,
      "effect_sizes": {
        "cohens_d": 0.16572895444294794,
        "ci_95_lower": 1.987200420564342,
        "ci_95_upper": 33.61423979717389,
        "sd_war": 1.574771404770155,
        "sd_aggression": 0.014661497782282169,
        "effect_1sd_aggression_games": 0.26098521839921013,
        "proportion_iqr": 0.10339380874050233,
        "percentile_impact": 55.38501088943249
      },
      "power_analysis": {
        "power": 0.6011969576018433,
        "mde_80_power": 22.454585825238695,
        "observed_effect": 17.800720108869115,
        "se": 7.8908015530225715,
        "n": 214,
        "n_clusters": 57,
        "df": 55,
        "sufficient_power": false
      }
    }
  }
}