{
  "war_distribution": {
    "n": 606,
    "mean": 0.19048198814266182,
    "median": 0.173379898071288,
    "std": 1.9092527396954753,
    "min": -8.36524772644043,
    "max": 6.550618648529053,
    "percentiles": {
      "10th": -2.2102476833343507,
      "25th": -0.9522290149688716,
      "50th": 0.173379898071288,
      "75th": 1.5084580183029164,
      "90th": 2.6321496963500968
    },
    "iqr": 2.460687033271788
  },
  "pooled": {
    "label": "Pooled (2006-2024)",
    "n": 606,
    "n_coaches": 123,
    "beta": 14.334353375537711,
    "se": 5.905988456266783,
    "t": 2.4270879433107724,
    "p": 0.016694308926642698,
    "effect_sizes": {
      "cohens_d": 0.1296673467994147,
      "standardized_beta": 0.1296673467994147,
      "ci_95_lower": 2.641891448213668,
      "ci_95_upper": 26.026815302861756,
      "sd_war": 1.9092527396954757,
      "sd_aggression": 0.017270938607409567,
      "effect_1sd_aggression_games": 0.2475677371258259,
      "proportion_iqr": 0.10060919319620014,
      "percentile_impact": 55.158519105524185
    },
    "power_analysis": {
      "power": 0.6728658948164573,
      "mde_80_power": 16.663067217354687,
      "observed_effect": 14.334353375537711,
      "se": 5.905988456266783,
      "n": 606,
      "n_clusters": 123,
      "df": 121,
      "sufficient_power": false
    }
  },
  "stratified": {
    "Early (2006-2011)": {
      "label": "Early (2006-2011)",
      "n": 190,
      "n_coaches": 60,
      "beta": 21.71908576696621,
      "se": 15.191001387711312,
      "t": 1.4297336437962385,
      "p": 0.15815821682422193,
      "effect_sizes": {
        "cohens_d": 0.1439672300184098,
        "standardized_beta": 0.1439672300184098,
        "ci_95_lower": -8.689007295276479,
        "ci_95_upper": 52.1271788292089,
        "sd_war": 1.9948922052122973,
        "sd_aggression": 0.013223351482250187,
        "effect_1sd_aggression_games": 0.28719910496973156,
        "proportion_iqr": 0.11671500726683831,
        "percentile_impact": 55.978529148344116
      },
      "power_analysis": {
        "power": 0.29021662966824346,
        "mde_80_power": 43.193162389376134,
        "observed_effect": 21.71908576696621,
        "se": 15.191001387711312,
        "n": 190,
        "n_clusters": 60,
        "df": 58,
        "sufficient_power": false
      }
    },
    "Middle (2012-2017)": {
      "label": "Middle (2012-2017)",
      "n": 192,
      "n_coaches": 59,
      "beta": 11.112582679328064,
      "se": 9.870298692819656,
      "t": 1.1258608300691175,
      "p": 0.26494252593645484,
      "effect_sizes": {
        "cohens_d": 0.09390753103256358,
        "standardized_beta": 0.09390753103256358,
        "ci_95_lower": -8.652349513724754,
        "ci_95_upper": 30.877514872380882,
        "sd_war": 1.8671233382955914,
        "sd_aggression": 0.01577823516749024,
        "effect_1sd_aggression_games": 0.17533694283261694,
        "proportion_iqr": 0.07125527970921389,
        "percentile_impact": 53.65855815034804
      },
      "power_analysis": {
        "power": 0.19790814602666565,
        "mde_80_power": 28.07198515463682,
        "observed_effect": 11.112582679328064,
        "se": 9.870298692819656,
        "n": 192,
        "n_clusters": 59,
        "df": 57,
        "sufficient_power": false
      }
    },
    "Late (2018-2024)": {
      "label": "Late (2018-2024)",
      "n": 224,
      "n_coaches": 67,
      "beta": 6.040148034142126,
      "se": 8.729370487022722,
      "t": 0.691933976581879,
      "p": 0.4914431349506603,
      "effect_sizes": {
        "cohens_d": 0.058386379583027836,
        "standardized_beta": 0.058386379583027836,
        "ci_95_lower": -11.393608676302597,
        "ci_95_upper": 23.473904744586847,
        "sd_war": 1.864123825315929,
        "sd_aggression": 0.018019333406970053,
        "effect_1sd_aggression_games": 0.1088394412546617,
        "proportion_iqr": 0.04423132230267666,
        "percentile_impact": 52.27299131034482
      },
      "power_analysis": {
        "power": 0.10471268810811774,
        "mde_80_power": 24.78058026804778,
        "observed_effect": 6.040148034142126,
        "se": 8.729370487022722,
        "n": 224,
        "n_clusters": 67,
        "df": 65,
        "sufficient_power": false
      }
    }
  }
}