{
  "war_distribution": {
    "n": 606,
    "mean": -0.05480078184738419,
    "median": 0.032873713874815996,
    "std": 1.9167002276534248,
    "min": -8.617347717285156,
    "max": 4.546465299987792,
    "percentiles": {
      "10th": -2.550464891052245,
      "25th": -1.2333932783126815,
      "50th": 0.032873713874815996,
      "75th": 1.278134919929504,
      "90th": 2.4002635478973375
    },
    "iqr": 2.5115281982421855
  },
  "pooled": {
    "label": "Pooled (2006-2024)",
    "n": 606,
    "n_coaches": 123,
    "beta": 21.949611428540855,
    "se": 5.734303337621131,
    "t": 3.8277729893596155,
    "p": 0.00020617582291704295,
    "effect_sizes": {
      "cohens_d": 0.20408904739410666,
      "standardized_beta": 0.20408904739410666,
      "ci_95_lower": 10.597045477504848,
      "ci_95_upper": 33.30217737957686,
      "sd_war": 1.9167002276534248,
      "sd_aggression": 0.017821614969147505,
      "effect_1sd_aggression_games": 0.39117752360185487,
      "proportion_iqr": 0.15575278982558882,
      "percentile_impact": 58.08580434374405
    },
    "power_analysis": {
      "power": 0.9669139339957921,
      "mde_80_power": 16.17867739972598,
      "observed_effect": 21.949611428540855,
      "se": 5.734303337621131,
      "n": 606,
      "n_clusters": 123,
      "df": 121,
      "sufficient_power": true
    }
  },
  "stratified": {
    "Early (2006-2011)": {
      "label": "Early (2006-2011)",
      "n": 190,
      "n_coaches": 60,
      "beta": 20.296061000687008,
      "se": 13.605510445313412,
      "t": 1.4917529983359235,
      "p": 0.14118333439404096,
      "effect_sizes": {
        "cohens_d": 0.14873035945256857,
        "standardized_beta": 0.14873035945256857,
        "ci_95_lower": -6.938327138417481,
        "ci_95_upper": 47.5304491397915,
        "sd_war": 1.9638116251600783,
        "sd_aggression": 0.014390891360511021,
        "effect_1sd_aggression_games": 0.29207840890719133,
        "proportion_iqr": 0.11629509440173379,
        "percentile_impact": 56.05587770860466
      },
      "power_analysis": {
        "power": 0.31135384903423147,
        "mde_80_power": 38.68507462347833,
        "observed_effect": 20.296061000687008,
        "se": 13.605510445313412,
        "n": 190,
        "n_clusters": 60,
        "df": 58,
        "sufficient_power": false
      }
    },
    "Middle (2012-2017)": {
      "label": "Middle (2012-2017)",
      "n": 192,
      "n_coaches": 59,
      "beta": 17.954194610909074,
      "se": 10.11864164916526,
      "t": 1.7743680657363934,
      "p": 0.08134286572705318,
      "effect_sizes": {
        "cohens_d": 0.14785302382074317,
        "standardized_beta": 0.14785302382074317,
        "ci_95_lower": -2.30803578648775,
        "ci_95_upper": 38.2164250083059,
        "sd_war": 1.9311190435440764,
        "sd_aggression": 0.015902790191007977,
        "effect_1sd_aggression_games": 0.2855217899458131,
        "proportion_iqr": 0.11368448506596476,
        "percentile_impact": 55.9209485906119
      },
      "power_analysis": {
        "power": 0.41479511168274946,
        "mde_80_power": 28.77829406424956,
        "observed_effect": 17.954194610909074,
        "se": 10.11864164916526,
        "n": 192,
        "n_clusters": 59,
        "df": 57,
        "sufficient_power": false
      }
    },
    "Late (2018-2024)": {
      "label": "Late (2018-2024)",
      "n": 224,
      "n_coaches": 67,
      "beta": 13.891202298408555,
      "se": 8.677230595208558,
      "t": 1.6008796984234899,
      "p": 0.11425303789270336,
      "effect_sizes": {
        "cohens_d": 0.13415181490742603,
        "standardized_beta": 0.13415181490742603,
        "ci_95_lower": -3.438423863141363,
        "ci_95_upper": 31.220828459958472,
        "sd_war": 1.8295725610074474,
        "sd_aggression": 0.017668771521101193,
        "effect_1sd_aggression_games": 0.24544047956397652,
        "proportion_iqr": 0.09772555201082747,
        "percentile_impact": 55.09467460572609
      },
      "power_analysis": {
        "power": 0.3511647721262107,
        "mde_80_power": 24.632567679085977,
        "observed_effect": 13.891202298408555,
        "se": 8.677230595208558,
        "n": 224,
        "n_clusters": 67,
        "df": 65,
        "sufficient_power": false
      }
    }
  }
}