{
  "protocol": "osf.io/y2kr5",
  "C3_H3": {
    "spearman_rho": 0.32121212121212117,
    "ci_low": -0.5393939393939393,
    "ci_high": 0.6848484848484848,
    "p_negative": 0.3644,
    "H3_supported": false,
    "subtrait_table": {
      "fourth_down": {
        "h2": -0.019759394137016596,
        "S": 0.04391629408168721
      },
      "pass_heavy": {
        "h2": 0.08345567112000263,
        "S": 0.16354929688209238
      },
      "deep_pass": {
        "h2": 0.3213587357620633,
        "S": 0.0868558217569917
      },
      "two_point": {
        "h2": 0.0004185672600578803,
        "S": -0.019725858059454995
      },
      "no_huddle": {
        "h2": 0.2954722081002342,
        "S": -0.018478501699065647
      },
      "pace": {
        "h2": 0.1024224989684239,
        "S": 0.07269505185961342
      },
      "box_stacking": {
        "h2": 0.438804366753447,
        "S": 0.05932024879027259
      },
      "pass_rush": {
        "h2": 0.41948842347013426,
        "S": 0.16736628046496438
      },
      "man_coverage": {
        "h2": 0.14160756594320095,
        "S": 0.13152801799590463
      },
      "shotgun": {
        "h2": 0.4539419825625725,
        "S": 0.0755847110723429
      }
    }
  },
  "H1": {
    "approach": [
      "composite_aggression",
      "composite_defensive"
    ],
    "identity": [
      "shotgun",
      "composite_tempo"
    ],
    "S_diff_approach_minus_identity": {
      "median": 0.11179452180345137,
      "ci_low": 0.007838034974357071,
      "ci_high": 0.2155634036245628,
      "p_positive": 0.9805
    },
    "h2_diff_identity_minus_approach": {
      "median": 0.15453797185972384,
      "ci_low": -0.12063588679694087,
      "ci_high": 0.42646470327642727,
      "p_positive": 0.86975
    },
    "H1_supported": false,
    "family_means": {
      "approach_mean_S": 0.1647173472384671,
      "identity_mean_S": 0.05198486090432505,
      "approach_mean_h2": 0.17098650535703847,
      "identity_mean_h2": 0.3241629371860741
    }
  },
  "H2": {
    "trait": "offensive aggression (composite)",
    "repeatability_median": 0.40360969134799285,
    "h2_median": -0.15160821684610318,
    "repeat_minus_h2_median": 0.5533915785520502,
    "hdi_low": 0.23986605976019504,
    "hdi_high": 0.8684934724527769,
    "p_repeat_gt_h2": 0.99925,
    "H2_supported": true
  }
}