{
  "offensive_only": {
    "model_name": "Offensive Genes (2006-2024)",
    "r_squared": 0.04140526905671149,
    "adj_r_squared": 0.03662821890250911,
    "f_statistic": 8.667539113083572,
    "f_p_value": 1.2266902450708272e-05,
    "intercept": -0.0968605591587545,
    "intercept_se": 0.10406553174133257,
    "se_type": "cluster_robust_by_coach",
    "coefficients": {
      "Aggression": {
        "column": "composite_aggression",
        "coefficient": 15.295219956363415,
        "std_error": 4.84900041081715,
        "t_statistic": 3.1543037039639814,
        "p_value": 0.0020372006275375387,
        "significant": true,
        "ci_low": 5.908720698922329,
        "ci_high": 24.919606569915626
      },
      "Shotgun": {
        "column": "shotgun_gene_zscore",
        "coefficient": 0.15098204364884452,
        "std_error": 0.1066415637516404,
        "t_statistic": 1.4157898509484483,
        "p_value": 0.15944903267954524,
        "significant": false,
        "ci_low": -0.06473223780085427,
        "ci_high": 0.3695770954890892
      },
      "Tempo": {
        "column": "composite_tempo_zscore",
        "coefficient": 0.004946916675598945,
        "std_error": 0.10202738169903389,
        "t_statistic": 0.048486167078085514,
        "p_value": 0.9614100712873936,
        "significant": false,
        "ci_low": -0.16562191036909082,
        "ci_high": 0.2372497694741727
      }
    },
    "n_clusters": 123,
    "bootstrap_n": 2000,
    "n": 606,
    "n_coaches": 123,
    "year_range": "2006-2024",
    "season_fe": {
      "coefficients": {
        "Aggression": {
          "coefficient": 15.844597639932246,
          "std_error": 5.312005133318818,
          "t_statistic": 2.9827903479515103,
          "p_value": 0.003580958105500409,
          "significant": true
        },
        "Shotgun": {
          "coefficient": 0.15333097283168118,
          "std_error": 0.13377033316669204,
          "t_statistic": 1.1462255434515103,
          "p_value": 0.2544102439058975,
          "significant": false
        },
        "Tempo": {
          "coefficient": 0.0005621509826822108,
          "std_error": 0.1044007273659584,
          "t_statistic": 0.00538455044198772,
          "p_value": 0.9957143922072322,
          "significant": false
        }
      },
      "r_squared": 0.06089425113115554,
      "n_clusters": 123,
      "n_season_dummies": 18,
      "se_type": "cluster_robust_by_coach",
      "note": "gene coefficients with year fixed effects; year dummies suppressed"
    }
  },
  "all_genes": {
    "model_name": "All Genes (2016-2024)",
    "r_squared": 0.035904920694673104,
    "adj_r_squared": 0.021982970090986043,
    "f_statistic": 2.57901509039719,
    "f_p_value": 0.03773824847607821,
    "intercept": 0.10216524675793692,
    "intercept_se": 0.17424679909131638,
    "se_type": "cluster_robust_by_coach",
    "coefficients": {
      "Aggression": {
        "column": "composite_aggression",
        "coefficient": 9.198373903850156,
        "std_error": 6.103003454091632,
        "t_statistic": 1.507188054708257,
        "p_value": 0.1360198390997862,
        "significant": false,
        "ci_low": -2.5134552054323493,
        "ci_high": 22.59132507611905
      },
      "Shotgun": {
        "column": "shotgun_gene_zscore",
        "coefficient": 0.07906662618896682,
        "std_error": 0.17349812115608618,
        "t_statistic": 0.4557203597486531,
        "p_value": 0.6499255744954655,
        "significant": false,
        "ci_low": -0.2963322512961507,
        "ci_high": 0.40288802640432614
      },
      "Tempo": {
        "column": "composite_tempo_zscore",
        "coefficient": -0.03910449643822712,
        "std_error": 0.14516193238463407,
        "t_statistic": -0.2693853395021781,
        "p_value": 0.7883828918693903,
        "significant": false,
        "ci_low": -0.32918764248760346,
        "ci_high": 0.27089950774570476
      },
      "Def. Scheme": {
        "column": "composite_scheme_zscore",
        "coefficient": 0.23012386686384154,
        "std_error": 0.10840291978868422,
        "t_statistic": 2.1228567211329246,
        "p_value": 0.03711088486456671,
        "significant": true,
        "ci_low": -0.009676197121822593,
        "ci_high": 0.4396564407967639
      }
    },
    "n_clusters": 79,
    "bootstrap_n": 2000,
    "n": 282,
    "n_coaches": 79,
    "year_range": "2016-2024",
    "season_fe": {
      "coefficients": {
        "Aggression": {
          "coefficient": 9.053940832513582,
          "std_error": 6.478238377022326,
          "t_statistic": 1.3975930346476626,
          "p_value": 0.1669155966695428,
          "significant": false
        },
        "Shotgun": {
          "coefficient": 0.11661516700700285,
          "std_error": 0.181161260000853,
          "t_statistic": 0.6437091848801105,
          "p_value": 0.5219946332918832,
          "significant": false
        },
        "Tempo": {
          "coefficient": -0.0449417760038334,
          "std_error": 0.13777380723835914,
          "t_statistic": -0.3261997102691713,
          "p_value": 0.74530535471458,
          "significant": false
        },
        "Def. Scheme": {
          "coefficient": 0.22111165092988871,
          "std_error": 0.11029889296946306,
          "t_statistic": 2.004658840874358,
          "p_value": 0.04910481418000345,
          "significant": true
        }
      },
      "r_squared": 0.05310759286922884,
      "n_clusters": 79,
      "n_season_dummies": 8,
      "se_type": "cluster_robust_by_coach",
      "note": "gene coefficients with year fixed effects; year dummies suppressed"
    }
  },
  "vif": {
    "Aggression": 1.0796279500723307,
    "Shotgun": 1.0853191336454908,
    "Tempo": 1.0319753059137027,
    "Def. Scheme": 1.0415146406404878
  },
  "pairwise_correlations": {
    "Aggression <-> Shotgun": 0.22915968248024374,
    "Aggression <-> Tempo": 0.10997545181501377,
    "Aggression <-> Def. Scheme": 0.15994421969827946,
    "Shotgun <-> Tempo": 0.1507934002515772,
    "Shotgun <-> Def. Scheme": 0.14352950901481856,
    "Tempo <-> Def. Scheme": 0.0782122668815191
  }
}