{
  "offensive_only": {
    "model_name": "Offensive Genes (2006-2024)",
    "r_squared": 0.04142691021181877,
    "adj_r_squared": 0.03664996790390429,
    "f_statistic": 8.672265131438142,
    "f_p_value": 1.2186780490419657e-05,
    "intercept": -0.09675680806509626,
    "intercept_se": 0.10405632138887072,
    "se_type": "cluster_robust_by_coach",
    "coefficients": {
      "Aggression": {
        "column": "composite_aggression",
        "coefficient": 15.289631401429052,
        "std_error": 4.849315814880886,
        "t_statistic": 3.15294610314107,
        "p_value": 0.002045956039797847,
        "significant": true,
        "ci_low": 5.909603171855634,
        "ci_high": 24.91185215481592
      },
      "Shotgun": {
        "column": "shotgun_gene_zscore",
        "coefficient": 0.15167632696372804,
        "std_error": 0.10694258177072564,
        "t_statistic": 1.418296851004656,
        "p_value": 0.1587176371610779,
        "significant": false,
        "ci_low": -0.06461634721505255,
        "ci_high": 0.37030876386978145
      },
      "Tempo": {
        "column": "composite_tempo_zscore",
        "coefficient": 0.004858048169912402,
        "std_error": 0.10202248516562672,
        "t_statistic": 0.047617426315637354,
        "p_value": 0.962100966651759,
        "significant": false,
        "ci_low": -0.16567654608981572,
        "ci_high": 0.2371452169877461
      }
    },
    "n_clusters": 123,
    "bootstrap_n": 2000,
    "n": 606,
    "n_coaches": 123,
    "year_range": "2006-2024"
  },
  "all_genes": {
    "model_name": "All Genes (2016-2024)",
    "r_squared": 0.03378037826311009,
    "adj_r_squared": 0.01982774834633183,
    "f_statistic": 2.4210760598250247,
    "f_p_value": 0.048668228813433245,
    "intercept": 0.09475946747508429,
    "intercept_se": 0.17519711425833637,
    "se_type": "cluster_robust_by_coach",
    "coefficients": {
      "Aggression": {
        "column": "composite_aggression",
        "coefficient": 9.551340872875262,
        "std_error": 6.0752576169467005,
        "t_statistic": 1.5721705111289688,
        "p_value": 0.12017719838887997,
        "significant": false,
        "ci_low": -2.051618507709476,
        "ci_high": 22.719606488322142
      },
      "Shotgun": {
        "column": "shotgun_gene_zscore",
        "coefficient": 0.08647287679639148,
        "std_error": 0.17646926688110218,
        "t_statistic": 0.4900166375976024,
        "p_value": 0.6255717994076069,
        "significant": false,
        "ci_low": -0.2923902312032252,
        "ci_high": 0.41184266041064144
      },
      "Tempo": {
        "column": "composite_tempo_zscore",
        "coefficient": -0.040758716727326866,
        "std_error": 0.14678928282668718,
        "t_statistic": -0.27766820535154807,
        "p_value": 0.782041350137002,
        "significant": false,
        "ci_low": -0.33353423616003947,
        "ci_high": 0.27135877180722623
      },
      "Def. Scheme": {
        "column": "composite_scheme_zscore",
        "coefficient": 0.2132779254073886,
        "std_error": 0.10558200414741327,
        "t_statistic": 2.020021566455684,
        "p_value": 0.04700162730011659,
        "significant": true,
        "ci_low": -0.014657231152546872,
        "ci_high": 0.42237985297074576
      }
    },
    "n_clusters": 79,
    "bootstrap_n": 2000,
    "n": 282,
    "n_coaches": 79,
    "year_range": "2016-2024"
  },
  "vif": {
    "Aggression": 1.0738910634302659,
    "Shotgun": 1.0811857016937716,
    "Tempo": 1.0330754352804006,
    "Def. Scheme": 1.0306332407659526
  },
  "pairwise_correlations": {
    "Aggression <-> Shotgun": 0.22904074739964525,
    "Aggression <-> Tempo": 0.10997545181501377,
    "Aggression <-> Def. Scheme": 0.13415024892930297,
    "Shotgun <-> Tempo": 0.15076078198888188,
    "Shotgun <-> Def. Scheme": 0.12014311200991065,
    "Tempo <-> Def. Scheme": 0.08311734369167986
  }
}