{
  "shotgun": {
    "overall": {
      "Shotgun Formation": {
        "column": "shotgun_gene_zscore",
        "correlation": 0.14201196804541324,
        "p_value": 0.00044425883048390956,
        "ci_low": 0.05350382205739631,
        "ci_high": 0.22854947180820556,
        "p_bootstrap_coach_clustered": 0.004,
        "n_coaches": 124,
        "slope": 0.2736695376441988,
        "intercept": -0.061714336795682966,
        "r_squared": 0.020167399068131434,
        "std_err": 0.07748919387433154,
        "n": 608,
        "significant": true,
        "r_ivw": 0.1449983638416192,
        "ci_low_ivw": 0.056896289571911195,
        "ci_high_ivw": 0.2323875874227389,
        "p_ivw_coach_clustered": 0.003,
        "n_ivw": 608,
        "r_partial_season": 0.14110797705142328,
        "p_partial_coach_clustered": 0.003,
        "n_partial": 596,
        "n_dropped_partial": 12,
        "n_games_matched": 608,
        "war_test_retest_reliability": 0.24011000144692013,
        "n_pairs": 458,
        "note": "observed r is a FLOOR (single-season WAR is mostly luck, which attenuates it); r_ivw down-weights noisy short seasons; the career-level correlation is the reliable-WAR anchor",
        "career": {
          "all_coaches": {
            "correlation": 0.2295377163304982,
            "p_value": 0.0103332412254409,
            "n_coaches": 124,
            "significant": true
          },
          "min3_seasons": {
            "correlation": 0.2568713026922546,
            "p_value": 0.01631774714546874,
            "n_coaches": 87,
            "significant": true
          }
        }
      }
    },
    "by_era": {
      "2006-2011": {
        "Shotgun Formation": {
          "correlation": 0.08390665244474743,
          "p_value": 0.24723384997350872,
          "n": 192,
          "significant": false
        }
      },
      "2012-2017": {
        "Shotgun Formation": {
          "correlation": -0.041587833991834765,
          "p_value": 0.566818828725186,
          "n": 192,
          "significant": false
        }
      },
      "2018-2024": {
        "Shotgun Formation": {
          "correlation": 0.16969901191478193,
          "p_value": 0.010956228109729559,
          "n": 224,
          "significant": true
        }
      }
    },
    "n_total": 608,
    "n_coaches": 124,
    "year_range": "2006-2024"
  },
  "tempo": {
    "overall": {
      "Composite Tempo": {
        "column": "composite_tempo_zscore",
        "correlation": 0.04543588562505281,
        "p_value": 0.26330456195462343,
        "ci_low": -0.04190868620619112,
        "ci_high": 0.14713192275430137,
        "p_bootstrap_coach_clustered": 0.352,
        "n_coaches": 124,
        "slope": 0.08833907629303031,
        "intercept": -0.061793195136641874,
        "r_squared": 0.0020644197025328852,
        "std_err": 0.07889850928310653,
        "n": 608,
        "significant": false,
        "r_ivw": 0.04785880886212685,
        "ci_low_ivw": -0.04308778173116824,
        "ci_high_ivw": 0.15450141157828695,
        "p_ivw_coach_clustered": 0.339,
        "n_ivw": 608,
        "r_partial_season": 0.04133646924393876,
        "p_partial_coach_clustered": 0.411,
        "n_partial": 596,
        "n_dropped_partial": 12,
        "n_games_matched": 608,
        "war_test_retest_reliability": 0.24011000144692013,
        "n_pairs": 458,
        "note": "observed r is a FLOOR (single-season WAR is mostly luck, which attenuates it); r_ivw down-weights noisy short seasons; the career-level correlation is the reliable-WAR anchor",
        "career": {
          "all_coaches": {
            "correlation": 0.05819884918359167,
            "p_value": 0.5208368339598797,
            "n_coaches": 124,
            "significant": false
          },
          "min3_seasons": {
            "correlation": 0.0028641781713692194,
            "p_value": 0.9789949864922337,
            "n_coaches": 87,
            "significant": false
          }
        }
      },
      "No-Huddle": {
        "column": "no_huddle_gene_zscore",
        "correlation": 0.016125570421060057,
        "p_value": 0.6914955375462537,
        "ci_low": -0.07380935348951592,
        "ci_high": 0.11945319929096769,
        "p_bootstrap_coach_clustered": 0.699,
        "n_coaches": 124,
        "slope": 0.031070211289579108,
        "intercept": -0.06197571923248664,
        "r_squared": 0.0002600340214045676,
        "std_err": 0.07825936782300179,
        "n": 608,
        "significant": false,
        "r_ivw": 0.01348793742735567,
        "ci_low_ivw": -0.07456360657061022,
        "ci_high_ivw": 0.11907830844677147,
        "p_ivw_coach_clustered": 0.745,
        "n_ivw": 608,
        "r_partial_season": 0.005729039851310625,
        "p_partial_coach_clustered": 0.877,
        "n_partial": 596,
        "n_dropped_partial": 12,
        "n_games_matched": 608,
        "war_test_retest_reliability": 0.24011000144692013,
        "n_pairs": 458,
        "note": "observed r is a FLOOR (single-season WAR is mostly luck, which attenuates it); r_ivw down-weights noisy short seasons; the career-level correlation is the reliable-WAR anchor",
        "career": {
          "all_coaches": {
            "correlation": 0.08375494856399375,
            "p_value": 0.35505108948946507,
            "n_coaches": 124,
            "significant": false
          },
          "min3_seasons": {
            "correlation": 0.02841904550947351,
            "p_value": 0.7938657883496261,
            "n_coaches": 87,
            "significant": false
          }
        }
      },
      "Pace": {
        "column": "pace_gene_zscore",
        "correlation": 0.06517434375570938,
        "p_value": 0.10839554018521905,
        "ci_low": -0.04342776541803296,
        "ci_high": 0.17796380047570678,
        "p_bootstrap_coach_clustered": 0.261,
        "n_coaches": 124,
        "slope": 0.1274513600895497,
        "intercept": -0.06060022357600521,
        "r_squared": 0.004247695083987376,
        "std_err": 0.07926968922426035,
        "n": 608,
        "significant": false,
        "r_ivw": 0.0728088208016494,
        "ci_low_ivw": -0.03757141587039837,
        "ci_high_ivw": 0.18697459837457828,
        "p_ivw_coach_clustered": 0.219,
        "n_ivw": 608,
        "r_partial_season": 0.06984695200838183,
        "p_partial_coach_clustered": 0.245,
        "n_partial": 596,
        "n_dropped_partial": 12,
        "n_games_matched": 608,
        "war_test_retest_reliability": 0.24011000144692013,
        "n_pairs": 458,
        "note": "observed r is a FLOOR (single-season WAR is mostly luck, which attenuates it); r_ivw down-weights noisy short seasons; the career-level correlation is the reliable-WAR anchor",
        "career": {
          "all_coaches": {
            "correlation": 0.012743991318716917,
            "p_value": 0.8882811131329217,
            "n_coaches": 124,
            "significant": false
          },
          "min3_seasons": {
            "correlation": -0.030706218340913093,
            "p_value": 0.7776885036924444,
            "n_coaches": 87,
            "significant": false
          }
        }
      }
    },
    "by_era": {
      "2006-2011": {
        "Composite Tempo": {
          "correlation": 0.08872186710360908,
          "p_value": 0.22104530794628022,
          "n": 192,
          "significant": false
        },
        "No-Huddle": {
          "correlation": 0.03803739264714793,
          "p_value": 0.6004110578416094,
          "n": 192,
          "significant": false
        },
        "Pace": {
          "correlation": 0.10637293921317123,
          "p_value": 0.1419707698802088,
          "n": 192,
          "significant": false
        }
      },
      "2012-2017": {
        "Composite Tempo": {
          "correlation": -0.01681057794071654,
          "p_value": 0.8169811535832032,
          "n": 192,
          "significant": false
        },
        "No-Huddle": {
          "correlation": -0.062115421409012314,