{
  "shotgun": {
    "overall": {
      "Shotgun Formation": {
        "column": "shotgun_gene_zscore",
        "correlation": 0.1421467159106096,
        "p_value": 0.0004386634625170791,
        "ci_low": 0.05368506150633544,
        "ci_high": 0.2287615654792078,
        "p_bootstrap_coach_clustered": 0.004,
        "n_coaches": 124,
        "slope": 0.2745844809577538,
        "intercept": -0.06155282123592407,
        "r_squared": 0.020205688844171545,
        "std_err": 0.07767303985841123,
        "n": 608,
        "significant": true
      }
    },
    "by_era": {
      "2006-2011": {
        "Shotgun Formation": {
          "correlation": 0.08505975713321921,
          "p_value": 0.24077440114380583,
          "n": 192,
          "significant": false
        }
      },
      "2012-2017": {
        "Shotgun Formation": {
          "correlation": -0.041833560317391126,
          "p_value": 0.5645273765349994,
          "n": 192,
          "significant": false
        }
      },
      "2018-2024": {
        "Shotgun Formation": {
          "correlation": 0.1693754641449398,
          "p_value": 0.011111585593063644,
          "n": 224,
          "significant": true
        }
      }
    },
    "n_total": 608,
    "n_coaches": 124,
    "year_range": "2006-2024"
  },
  "tempo": {
    "overall": {
      "Composite Tempo": {
        "column": "composite_tempo_zscore",
        "correlation": 0.04543588562505281,
        "p_value": 0.26330456195462343,
        "ci_low": -0.04190868620619112,
        "ci_high": 0.14713192275430137,
        "p_bootstrap_coach_clustered": 0.352,
        "n_coaches": 124,
        "slope": 0.08833907629303031,
        "intercept": -0.061793195136641874,
        "r_squared": 0.0020644197025328852,
        "std_err": 0.07889850928310653,
        "n": 608,
        "significant": false
      },
      "No-Huddle": {
        "column": "no_huddle_gene_zscore",
        "correlation": 0.016125570421060057,
        "p_value": 0.6914955375462537,
        "ci_low": -0.07380935348951592,
        "ci_high": 0.11945319929096769,
        "p_bootstrap_coach_clustered": 0.699,
        "n_coaches": 124,
        "slope": 0.031070211289579108,
        "intercept": -0.06197571923248664,
        "r_squared": 0.0002600340214045676,
        "std_err": 0.07825936782300179,
        "n": 608,
        "significant": false
      },
      "Pace": {
        "column": "pace_gene_zscore",
        "correlation": 0.06517434375570938,
        "p_value": 0.10839554018521905,
        "ci_low": -0.04342776541803296,
        "ci_high": 0.17796380047570678,
        "p_bootstrap_coach_clustered": 0.261,
        "n_coaches": 124,
        "slope": 0.1274513600895497,
        "intercept": -0.06060022357600521,
        "r_squared": 0.004247695083987376,
        "std_err": 0.07926968922426035,
        "n": 608,
        "significant": false
      }
    },
    "by_era": {
      "2006-2011": {
        "Composite Tempo": {
          "correlation": 0.08872186710360908,
          "p_value": 0.22104530794628022,
          "n": 192,
          "significant": false
        },
        "No-Huddle": {
          "correlation": 0.03803739264714793,
          "p_value": 0.6004110578416094,
          "n": 192,
          "significant": false
        },
        "Pace": {
          "correlation": 0.10637293921317123,
          "p_value": 0.1419707698802088,
          "n": 192,
          "significant": false
        }
      },
      "2012-2017": {
        "Composite Tempo": {
          "correlation": -0.01681057794071654,
          "p_value": 0.8169811535832032,
          "n": 192,
          "significant": false
        },
        "No-Huddle": {
          "correlation": -0.062115421409012314,
          "p_value": 0.3920514111120236,
          "n": 192,
          "significant": false
        },
        "Pace": {
          "correlation": 0.048563832530254966,
          "p_value": 0.5035459568166291,
          "n": 192,
          "significant": false
        }
      },
      "2018-2024": {
        "Composite Tempo": {
          "correlation": 0.04085424545336336,
          "p_value": 0.5429994741405515,
          "n": 224,
          "significant": false
        },
        "No-Huddle": {
          "correlation": 0.039699640692991034,
          "p_value": 0.554467708292753,
          "n": 224,
          "significant": false
        },
        "Pace": {
          "correlation": 0.022250307588892675,
          "p_value": 0.740500969822275,
          "n": 224,
          "significant": false
        }
      }
    },
    "n_total": 608,
    "n_coaches": 124,
    "year_range": "2006-2024"
  },
  "defensive_scheme": {
    "overall": {
      "Defensive Scheme": {
        "column": "composite_scheme_zscore",
        "correlation": 0.13919753223567588,
        "p_value": 0.01935938664710711,
        "ci_low": 0.018781116641942715,
        "ci_high": 0.25989829901975164,
        "p_bootstrap_coach_clustered": 0.023,
        "n_coaches": 79,
        "slope": 0.24391545608201476,
        "intercept": 0.2346545067760779,
        "r_squared": 0.019375952980502025,
        "std_err": 0.10370030619985374,
        "n": 282,
        "significant": true
      },
      "Box Stacking": {
        "column": "box_stacking_gene_zscore",
        "correlation": 0.05790104616108116,
        "p_value": 0.33263591525734765,
        "ci_low": -0.0525001199634901,
        "ci_high": 0.17202209435156202,
        "p_bootstrap_coach_clustered": 0.306,
        "n_coaches": 79,
        "slope": 0.10163837410619023,
        "intercept": 0.2370885337620563,
        "r_squared": 0.003352531146547653,
        "std_err": 0.10472806196612147,
        "n": 282,
        "significant": false
      },
      "Pass Rush": {
        "column": "pass_rush_gene_zscore",
        "correlation": 0.16564929020676375,
        "p_value": 0.005292656908909063,
        "ci_low": 0.03448672710516414,
        "ci_high": 0.2971359500389391,
        "p_bootstrap_coach_clustered": 0.014,
        "n_coaches": 79,
        "slope": 0.2900854155474068,
        "intercept": 0.23350128195545752,
        "r_squared": 0.027439687346004663,
        "std_err": 0.10320852496770448,
        "n": 282,
        "significant": true
      }
    },
    "by_era": {
      "2012-2017": {
        "Defensive Scheme": {
          "correlation": 0.01871980765060871,
          "p_value": 0.8832743648422829,
          "n": 64,
          "significant": false
        },
        "Box Stacking": {
          "correlation": -0.011185215985924403,
          "p_value": 0.9300985669719752,
          "n": 64,
          "significant": false
        },
        "Pass Rush": {
          "correlation": 0.04138988544576927,
          "p_value": 0.7453837690390079,
          "n": 64,
          "significant": false
        }
      },
      "2018-2024": {
        "Defensive Scheme": {
          "correlation": 0.20105076731329202,
          "p_value": 0.0028644580939205027,
          "n": 218,
          "significant": true
        },
        "Box Stacking": {
          "correlation": 0.09749927796999801,
          "p_value": 0.1513715228580341,
          "n": 218,
          "significant": false
        },
        "Pass Rush": {
          "correlation": 0.20905166763922303,
          "p_value": 0.0019142331529443139,
          "n": 218,
          "significant": true
        }
      }
    },
    "n_total": 282,
    "n_coaches": 79,
    "year_range": "2016-2024"
  },
  "aggression": {
    "overall": {
      "Composite Aggression": {
        "column": "composite_aggression",
        "correlation": 0.18925574173603738,
        "p_value": 2.60753886336153e-06,
        "ci_low": 0.10027619770285084,
        "ci_high": 0.27663557474578243,
        "p_bootstrap_coach_clustered": 0.0,
        "n_coaches": 124,
        "slope": 18.140900668144994,
        "intercept": -0.11133244678725185,
        "r_squared": 0.035817735780057744,
        "std_err": 3.8234290740657233,
        "n": 608,