{
  "fourth_down": {
    "n": 79106,
    "n_groups": 608,
    "n_splits": 5,
    "group_col": "team_year_offense",
    "n_features": 16,
    "grouped_auc": 0.9744679577176825,
    "grouped_auc_std": 0.0016498107263781185
  },
  "run_pass": {
    "n": 670124,
    "n_groups": 608,
    "n_splits": 5,
    "group_col": "team_year_offense",
    "n_features": 16,
    "grouped_auc": 0.78330171711866,
    "grouped_auc_std": 0.0021736988551291515
  },
  "pass_target": {
    "n": 349797,
    "n_groups": 608,
    "n_splits": 5,
    "group_col": "team_year_offense",
    "n_features": 17,
    "grouped_auc": 0.7333250556318422,
    "grouped_auc_std": 0.0015220157798757688
  },
  "two_point": {
    "n": 25908,
    "n_groups": 608,
    "n_splits": 5,
    "group_col": "team_year_offense",
    "n_features": 16,
    "grouped_auc": 0.927412426743244,
    "grouped_auc_std": 0.007019233808201383
  },
  "shotgun": {
    "n": 643290,
    "n_groups": 608,
    "n_splits": 5,
    "group_col": "team_year_offense",
    "n_features": 16,
    "grouped_auc": 0.8064809459413398,
    "grouped_auc_std": 0.0052117025408931145
  },
  "no_huddle": {
    "n": 643290,
    "n_groups": 608,
    "n_splits": 5,
    "group_col": "team_year_offense",
    "n_features": 18,
    "grouped_auc": 0.7656693107423589,
    "grouped_auc_std": 0.012041906156000625
  },
  "pace": {
    "n": 518836,
    "n_groups": 608,
    "n_splits": 5,
    "group_col": "team_year_offense",
    "n_features": 15,
    "grouped_r2": 0.42778733124530965,
    "grouped_r2_std": 0.005019490886836246,
    "grouped_rmse": 11.076996035773025,
    "grouped_rmse_std": 0.030036793170212683
  },
  "box_stacking": {
    "n": 308705,
    "n_groups": 288,
    "n_splits": 5,
    "group_col": "team_year_defense",
    "n_features": 15,
    "grouped_r2": 0.42289009181366916,
    "grouped_r2_std": 0.009246829804721694,
    "grouped_rmse": 0.8112303094869198,
    "grouped_rmse_std": 0.007652986363616846
  },
  "pass_rush": {
    "n": 180592,
    "n_groups": 288,
    "n_splits": 5,
    "group_col": "team_year_defense",
    "n_features": 17,
    "grouped_r2": 0.054801741397777756,
    "grouped_r2_std": 0.0021985780949167096,
    "grouped_rmse": 0.8062906709292796,
    "grouped_rmse_std": 0.01868331049052378
  },
  "man_coverage": {
    "n": 134457,
    "n_groups": 224,
    "n_splits": 5,
    "group_col": "team_year_defense",
    "n_features": 20,
    "grouped_auc": 0.6819368516098103,
    "grouped_auc_std": 0.005512335300776128
  }
}