{
  "overall": {
    "fourth_down": {
      "correlation": 0.17218975801298708,
      "p_value": 8.861736367870198e-05,
      "ci_low": -0.013442338786296679,
      "ci_high": 0.34018880320721007,
      "p_bootstrap_mentor_clustered": 0.071,
      "n_mentors": 87,
      "small_cluster": false,
      "p_wild_cluster": null,
      "n": 513,
      "significant": true
    },
    "pass_heavy": {
      "correlation": 0.02537944189111512,
      "p_value": 0.5662913726448874,
      "ci_low": -0.12875566266376287,
      "ci_high": 0.2014263348571519,
      "p_bootstrap_mentor_clustered": 0.689,
      "n_mentors": 87,
      "small_cluster": false,
      "p_wild_cluster": null,
      "n": 513,
      "significant": false
    },
    "deep_pass": {
      "correlation": 0.08494072107834942,
      "p_value": 0.054524280111437666,
      "ci_low": -0.07031727302214795,
      "ci_high": 0.23221818140251863,
      "p_bootstrap_mentor_clustered": 0.266,
      "n_mentors": 87,
      "small_cluster": false,
      "p_wild_cluster": null,
      "n": 513,
      "significant": false
    },
    "two_point": {
      "correlation": 0.050365058639208364,
      "p_value": 0.2548351408303822,
      "ci_low": -0.06548241320209133,
      "ci_high": 0.17748589330113396,
      "p_bootstrap_mentor_clustered": 0.36,
      "n_mentors": 87,
      "small_cluster": false,
      "p_wild_cluster": null,
      "n": 513,
      "significant": false
    },
    "composite": {
      "correlation": 0.08025787125941743,
      "p_value": 0.06932475783779607,
      "ci_low": -0.053868925982760746,
      "ci_high": 0.21983739139673833,
      "p_bootstrap_mentor_clustered": 0.243,
      "n_mentors": 87,
      "small_cluster": false,
      "p_wild_cluster": null,
      "n": 513,
      "significant": false
    }
  },
  "by_mentor_background": {
    "Offensive": {
      "fourth_down": {
        "correlation": 0.23788408624948745,
        "p_value": 0.00010105762311659308,
        "ci_low": -0.03878622132786681,
        "ci_high": 0.4709928359958152,
        "p_bootstrap_mentor_clustered": 0.084,
        "n_mentors": 49,
        "small_cluster": false,
        "p_wild_cluster": null,
        "n": 262,
        "significant": true
      },
      "pass_heavy": {
        "correlation": 0.11948508586199864,
        "p_value": 0.05339490910225779,
        "ci_low": -0.09511828399090724,
        "ci_high": 0.40230166493425473,
        "p_bootstrap_mentor_clustered": 0.282,
        "n_mentors": 49,
        "small_cluster": false,
        "p_wild_cluster": null,
        "n": 262,
        "significant": false
      },
      "deep_pass": {
        "correlation": -0.030296684890075934,
        "p_value": 0.6254351354979532,
        "ci_low": -0.2688667653232072,
        "ci_high": 0.19537877220668062,
        "p_bootstrap_mentor_clustered": 0.836,
        "n_mentors": 49,
        "small_cluster": false,
        "p_wild_cluster": null,
        "n": 262,
        "significant": false
      },
      "two_point": {
        "correlation": 0.05291199474530498,
        "p_value": 0.39368260013938244,
        "ci_low": -0.09387702514778944,
        "ci_high": 0.23648659419658455,
        "p_bootstrap_mentor_clustered": 0.484,
        "n_mentors": 49,
        "small_cluster": false,
        "p_wild_cluster": null,
        "n": 262,
        "significant": false
      },
      "composite": {
        "correlation": 0.14247548832961152,
        "p_value": 0.02105920472311251,
        "ci_low": -0.02385115275304769,
        "ci_high": 0.33321956023785415,
        "p_bootstrap_mentor_clustered": 0.092,
        "n_mentors": 49,
        "small_cluster": false,
        "p_wild_cluster": null,
        "n": 262,
        "significant": true
      }
    },
    "Defensive": {
      "fourth_down": {
        "correlation": 0.015989922321048004,
        "p_value": 0.8106420652068485,
        "ci_low": -0.18311536822831603,
        "ci_high": 0.18946304601408703,
        "p_bootstrap_mentor_clustered": 0.884,
        "n_mentors": 33,
        "small_cluster": true,
        "p_wild_cluster": 0.8575,
        "n": 227,
        "significant": false
      },
      "pass_heavy": {
        "correlation": -0.03981900993540807,
        "p_value": 0.5506017532693959,
        "ci_low": -0.27797758238176745,
        "ci_high": 0.22989813486190427,
        "p_bootstrap_mentor_clustered": 0.75,
        "n_mentors": 33,
        "small_cluster": true,
        "p_wild_cluster": 0.747,
        "n": 227,
        "significant": false
      },
      "deep_pass": {
        "correlation": 0.10416112406325567,
        "p_value": 0.11759659701021431,
        "ci_low": -0.11366264025150055,
        "ci_high": 0.32244405239019436,
        "p_bootstrap_mentor_clustered": 0.339,
        "n_mentors": 33,
        "small_cluster": true,
        "p_wild_cluster": 0.3825,
        "n": 227,
        "significant": false
      },
      "two_point": {
        "correlation": 0.0503859254263982,
        "p_value": 0.4499912711357958,
        "ci_low": -0.08788123814415054,
        "ci_high": 0.18232537282609904,
        "p_bootstrap_mentor_clustered": 0.422,
        "n_mentors": 33,
        "small_cluster": true,
        "p_wild_cluster": 0.4845,
        "n": 227,
        "significant": false
      },
      "composite": {
        "correlation": 0.019232081500218927,
        "p_value": 0.773203195338709,
        "ci_low": -0.21429543252888786,
        "ci_high": 0.27103707280099065,
        "p_bootstrap_mentor_clustered": 0.884,
        "n_mentors": 33,
        "small_cluster": true,
        "p_wild_cluster": 0.8895,
        "n": 227,
        "significant": false
      }
    }
  },
  "by_coordinator_type": {
    "OC": {
      "fourth_down": {
        "correlation": 0.23194559448559476,
        "p_value": 0.0009503341509310436,
        "ci_low": -0.04791635789562022,
        "ci_high": 0.48730137424215414,
        "p_bootstrap_mentor_clustered": 0.115,
        "n_mentors": 40,
        "small_cluster": false,
        "p_wild_cluster": null,
        "n": 200,
        "significant": true
      },
      "pass_heavy": {
        "correlation": 0.3334661846401831,
        "p_value": 1.3986782394092173e-06,
        "ci_low": 0.11121553654292403,
        "ci_high": 0.5080207070310332,
        "p_bootstrap_mentor_clustered": 0.004,
        "n_mentors": 40,
        "small_cluster": false,
        "p_wild_cluster": null,
        "n": 200,
        "significant": true
      },
      "deep_pass": {
        "correlation": 0.10080878595323399,
        "p_value": 0.15550981489972626,
        "ci_low": -0.12192137843094562,
        "ci_high": 0.27931758066731954,
        "p_bootstrap_mentor_clustered": 0.352,
        "n_mentors": 40,
        "small_cluster": false,
        "p_wild_cluster": null,
        "n": 200,
        "significant": false
      },
      "two_point": {
        "correlation": 0.05974004442395607,
        "p_value": 0.40073624249407597,
        "ci_low": -0.14023518278045355,
        "ci_high": 0.288400401469199,
        "p_bootstrap_mentor_clustered": 0.524,
        "n_mentors": 40,
        "small_cluster": false,
        "p_wild_cluster": null,
        "n": 200,
        "significant": false
      },
      "composite": {
        "correlation": 0.2183363316374824,
        "p_value": 0.0018967031401812102,
        "ci_low": -0.01378072736319194,
        "ci_high": 0.444469893272999,
        "p_bootstrap_mentor_clustered": 0.072,
        "n_mentors": 40,
        "small_cluster": false,
        "p_wild_cluster": null,
        "n": 200,
        "significant": true
      }
    },
    "DC": {
      "fourth_down": {
        "correlation": 0.017693825120590586,
        "p_value": 0.7886457298910223,
        "ci_low": -0.16258048752816795,
        "ci_high": 0.17687032440771622,
        "p_bootstrap_mentor_clustered": 0.911,
        "n_mentors": 33,
        "small_cluster": true,
        "p_wild_cluster": 0.8295,
        "n": 232,
        "significant": false
      },