{
  "overall": {
    "fourth_down": {
      "correlation": 0.16659488637534392,
      "p_value": 0.0001415580913245128,
      "ci_low": -0.023170356523782652,
      "ci_high": 0.33582646371135483,
      "p_bootstrap_mentor_clustered": 0.082,
      "n_mentors": 87,
      "small_cluster": false,
      "p_wild_cluster": null,
      "n": 517,
      "significant": true
    },
    "pass_heavy": {
      "correlation": 0.043736802141368956,
      "p_value": 0.32093452165682335,
      "ci_low": -0.09889092774550276,
      "ci_high": 0.22168937184807413,
      "p_bootstrap_mentor_clustered": 0.558,
      "n_mentors": 87,
      "small_cluster": false,
      "p_wild_cluster": null,
      "n": 517,
      "significant": false
    },
    "deep_pass": {
      "correlation": 0.08997288898806341,
      "p_value": 0.04085802238672001,
      "ci_low": -0.059184739387616155,
      "ci_high": 0.23630784818873415,
      "p_bootstrap_mentor_clustered": 0.227,
      "n_mentors": 87,
      "small_cluster": false,
      "p_wild_cluster": null,
      "n": 517,
      "significant": true
    },
    "two_point": {
      "correlation": 0.04394807779160956,
      "p_value": 0.31860023423596506,
      "ci_low": -0.06802247867879899,
      "ci_high": 0.17781084264421246,
      "p_bootstrap_mentor_clustered": 0.429,
      "n_mentors": 87,
      "small_cluster": false,
      "p_wild_cluster": null,
      "n": 517,
      "significant": false
    },
    "composite": {
      "correlation": 0.07632063023889119,
      "p_value": 0.08297497075324767,
      "ci_low": -0.05113707222749158,
      "ci_high": 0.21251733489869404,
      "p_bootstrap_mentor_clustered": 0.256,
      "n_mentors": 87,
      "small_cluster": false,
      "p_wild_cluster": null,
      "n": 517,
      "significant": false
    }
  },
  "by_mentor_background": {
    "Offensive": {
      "fourth_down": {
        "correlation": 0.23374772192018026,
        "p_value": 0.00015587807962542366,
        "ci_low": -0.05310662969542596,
        "ci_high": 0.46578103100896945,
        "p_bootstrap_mentor_clustered": 0.091,
        "n_mentors": 49,
        "small_cluster": false,
        "p_wild_cluster": null,
        "n": 257,
        "significant": true
      },
      "pass_heavy": {
        "correlation": 0.10238659457691887,
        "p_value": 0.10148695213440162,
        "ci_low": -0.10721150989014917,
        "ci_high": 0.39627972702715486,
        "p_bootstrap_mentor_clustered": 0.333,
        "n_mentors": 49,
        "small_cluster": false,
        "p_wild_cluster": null,
        "n": 257,
        "significant": false
      },
      "deep_pass": {
        "correlation": -0.009784756115477954,
        "p_value": 0.8759536845676568,
        "ci_low": -0.25045162776333724,
        "ci_high": 0.2079363245342459,
        "p_bootstrap_mentor_clustered": 1.0,
        "n_mentors": 49,
        "small_cluster": false,
        "p_wild_cluster": null,
        "n": 257,
        "significant": false
      },
      "two_point": {
        "correlation": 0.045102104440900015,
        "p_value": 0.47159670802432924,
        "ci_low": -0.12266456554449126,
        "ci_high": 0.22100087649787276,
        "p_bootstrap_mentor_clustered": 0.587,
        "n_mentors": 49,
        "small_cluster": false,
        "p_wild_cluster": null,
        "n": 257,
        "significant": false
      },
      "composite": {
        "correlation": 0.11975180393315923,
        "p_value": 0.055198035332656575,
        "ci_low": -0.04464580024416692,
        "ci_high": 0.33516838171287017,
        "p_bootstrap_mentor_clustered": 0.161,
        "n_mentors": 49,
        "small_cluster": false,
        "p_wild_cluster": null,
        "n": 257,
        "significant": false
      }
    },
    "Defensive": {
      "fourth_down": {
        "correlation": 0.008311966083998363,
        "p_value": 0.8989284814436888,
        "ci_low": -0.18572887355815423,
        "ci_high": 0.16918789446187804,
        "p_bootstrap_mentor_clustered": 0.952,
        "n_mentors": 33,
        "small_cluster": true,
        "p_wild_cluster": 0.925,
        "n": 236,
        "significant": false
      },
      "pass_heavy": {
        "correlation": 0.017449900166903464,
        "p_value": 0.7897252387997404,
        "ci_low": -0.19999603477399058,
        "ci_high": 0.2623476020674274,
        "p_bootstrap_mentor_clustered": 0.859,
        "n_mentors": 33,
        "small_cluster": true,
        "p_wild_cluster": 0.877,
        "n": 236,
        "significant": false
      },
      "deep_pass": {
        "correlation": 0.10241605483986586,
        "p_value": 0.11661991641097197,
        "ci_low": -0.10964577829466585,
        "ci_high": 0.314714120817869,
        "p_bootstrap_mentor_clustered": 0.33,
        "n_mentors": 33,
        "small_cluster": true,
        "p_wild_cluster": 0.3715,
        "n": 236,
        "significant": false
      },
      "two_point": {
        "correlation": 0.04943267931990977,
        "p_value": 0.4497515033857375,
        "ci_low": -0.08948373818109094,
        "ci_high": 0.17710358799445183,
        "p_bootstrap_mentor_clustered": 0.427,
        "n_mentors": 33,
        "small_cluster": true,
        "p_wild_cluster": 0.488,
        "n": 236,
        "significant": false
      },
      "composite": {
        "correlation": 0.04902301094867017,
        "p_value": 0.45352099250342215,
        "ci_low": -0.1801642394918688,
        "ci_high": 0.2878685388882756,
        "p_bootstrap_mentor_clustered": 0.702,
        "n_mentors": 33,
        "small_cluster": true,
        "p_wild_cluster": 0.723,
        "n": 236,
        "significant": false
      }
    }
  },
  "by_coordinator_type": {
    "OC": {
      "fourth_down": {
        "correlation": 0.22915109787129623,
        "p_value": 0.0013480382765550594,
        "ci_low": -0.04270100955662128,
        "ci_high": 0.4735425102403193,
        "p_bootstrap_mentor_clustered": 0.105,
        "n_mentors": 40,
        "small_cluster": false,
        "p_wild_cluster": null,
        "n": 193,
        "significant": true
      },
      "pass_heavy": {
        "correlation": 0.31579059409472454,
        "p_value": 7.690812010257434e-06,
        "ci_low": 0.07066110026406762,
        "ci_high": 0.5241128812156867,
        "p_bootstrap_mentor_clustered": 0.016,
        "n_mentors": 40,
        "small_cluster": false,
        "p_wild_cluster": null,
        "n": 193,
        "significant": true
      },
      "deep_pass": {
        "correlation": 0.12769435159902442,
        "p_value": 0.07677469358532657,
        "ci_low": -0.08231919389119843,
        "ci_high": 0.29563276608071987,
        "p_bootstrap_mentor_clustered": 0.215,
        "n_mentors": 40,
        "small_cluster": false,
        "p_wild_cluster": null,
        "n": 193,
        "significant": false
      },
      "two_point": {
        "correlation": 0.03518155196675779,
        "p_value": 0.6271563753242935,
        "ci_low": -0.1738238572613264,
        "ci_high": 0.26301522612483863,
        "p_bootstrap_mentor_clustered": 0.706,
        "n_mentors": 40,
        "small_cluster": false,
        "p_wild_cluster": null,
        "n": 193,
        "significant": false
      },
      "composite": {
        "correlation": 0.18121990951548328,
        "p_value": 0.01166395260815511,
        "ci_low": -0.054645139993683506,
        "ci_high": 0.4315490928775929,
        "p_bootstrap_mentor_clustered": 0.153,
        "n_mentors": 40,
        "small_cluster": false,
        "p_wild_cluster": null,
        "n": 193,
        "significant": true
      }
    },
    "DC": {
      "fourth_down": {
        "correlation": 0.010004110018329258,
        "p_value": 0.8772139644208986,
        "ci_low": -0.1634668124143161,
        "ci_high": 0.16691044221945686,
        "p_bootstrap_mentor_clustered": 0.987,
        "n_mentors": 33,
        "small_cluster": true,
        "p_wild_cluster": 0.899,
        "n": 241,
        "significant": false
      },