{
  "stratified_regressions": {
    "Early (2006-2011)": {
      "n": 130,
      "n_coaches": 45,
      "aggression_coef": 1.2037461788054127,
      "aggression_se": 0.7940212223649498,
      "aggression_t": 1.5160126013006543,
      "aggression_p": 0.13200126969990822,
      "war_lag_coef": 0.2120563381343945,
      "war_lag_se": 0.1022250147474018,
      "war_lag_t": 2.0744075083616873,
      "war_lag_p": 0.0400612579299815,
      "intercept": -0.01910614814192063,
      "r_squared": 0.06120147730931291,
      "adj_r_squared": 0.04641724860552254,
      "significant": false
    },
    "Middle (2012-2017)": {
      "n": 163,
      "n_coaches": 51,
      "aggression_coef": 0.6638389584760864,
      "aggression_se": 0.6166428587616612,
      "aggression_t": 1.0765371706553193,
      "aggression_p": 0.2833076252585678,
      "war_lag_coef": 0.25467358343284346,
      "war_lag_se": 0.08153235586561211,
      "war_lag_t": 3.123589165663458,
      "war_lag_p": 0.0021213153912233995,
      "intercept": 0.0018662204276071591,
      "r_squared": 0.06922482942078756,
      "adj_r_squared": 0.057590139788547434,
      "significant": false
    },
    "Late (2018-2024)": {
      "n": 190,
      "n_coaches": 57,
      "aggression_coef": -0.14898466973687502,
      "aggression_se": 0.4149780182808437,
      "aggression_t": -0.35901822066162314,
      "aggression_p": 0.7199864963424116,
      "war_lag_coef": 0.16512901912526737,
      "war_lag_se": 0.07355702947617636,
      "war_lag_t": 2.2449114693891947,
      "war_lag_p": 0.025945225669228966,
      "intercept": 0.00999527230230769,
      "r_squared": 0.025677434651106945,
      "adj_r_squared": 0.01525687245486218,
      "significant": false
    }
  },
  "coefficient_comparisons": {
    "Early (2006-2011) vs Middle (2012-2017)": {
      "coef_diff": 0.5399072203293263,
      "se_diff": 1.0053447751033886,
      "z_statistic": 0.5370368789889048,
      "p_value": 0.5912421401071022,
      "significant": false
    },
    "Early (2006-2011) vs Late (2018-2024)": {
      "coef_diff": 1.3527308485422878,
      "se_diff": 0.8959221267622679,
      "z_statistic": 1.5098754770471627,
      "p_value": 0.1310752011766403,
      "significant": false
    },
    "Middle (2012-2017) vs Late (2018-2024)": {
      "coef_diff": 0.8128236282129615,
      "se_diff": 0.7432732814504032,
      "z_statistic": 1.0935730484309079,
      "p_value": 0.2741422750538933,
      "significant": false
    }
  },
  "component_analysis": {
    "fourth_down": {
      "Early (2006-2011)": {
        "coef": 0.46023744057236143,
        "se": 0.5259231800417467,
        "p": 0.3831693611770759,
        "significant": false
      },
      "Middle (2012-2017)": {
        "coef": -0.5761657331129514,
        "se": 0.4216879038016219,
        "p": 0.17375189988523387,
        "significant": false
      },
      "Late (2018-2024)": {
        "coef": 0.5509297067746018,
        "se": 0.27904372891744,
        "p": 0.049814312920880344,
        "significant": true
      }
    },
    "pass_heavy": {
      "Early (2006-2011)": {
        "coef": 0.2104588316934381,
        "se": 0.2533409912571503,
        "p": 0.4076832607342422,
        "significant": false
      },
      "Middle (2012-2017)": {
        "coef": 0.10371498155845646,
        "se": 0.22393560662288764,
        "p": 0.6438887423226021,
        "significant": false
      },
      "Late (2018-2024)": {
        "coef": 0.013401618772559035,
        "se": 0.18679645022856864,
        "p": 0.942881911469494,
        "significant": false
      }
    },
    "deep_pass": {
      "Early (2006-2011)": {
        "coef": 0.21764502212399858,
        "se": 0.314076058338673,
        "p": 0.48959419753369593,
        "significant": false
      },
      "Middle (2012-2017)": {
        "coef": -0.06443978612479909,
        "se": 0.26213066492774717,
        "p": 0.8061282924526247,
        "significant": false
      },
      "Late (2018-2024)": {
        "coef": -0.05208183242267311,
        "se": 0.22311011281031926,
        "p": 0.8156785447126866,
        "significant": false
      }
    },
    "two_point": {
      "Early (2006-2011)": {
        "coef": 0.011613611943194962,
        "se": 0.4377402947684934,
        "p": 0.9788755895743522,
        "significant": false
      },
      "Middle (2012-2017)": {
        "coef": 0.7260867553799427,
        "se": 0.2827990809259831,
        "p": 0.011159174154012907,
        "significant": true
      },
      "Late (2018-2024)": {
        "coef": -0.3274170708151657,
        "se": 0.18364775951695603,
        "p": 0.07623235968856834,
        "significant": false
      }
    }
  }
}