{
  "stratified_regressions": {
    "Early (2006-2011)": {
      "n": 130,
      "n_coaches": 45,
      "aggression_coef": 0.9188948245751254,
      "aggression_se": 0.7978140055659851,
      "aggression_t": 1.1517657225423652,
      "aggression_p": 0.25158096540497077,
      "war_lag_coef": 0.14520445088142564,
      "war_lag_se": 0.09838643390898351,
      "war_lag_t": 1.4758584604840246,
      "war_lag_p": 0.1424569717879376,
      "intercept": -0.0015847244026559121,
      "r_squared": 0.03121804690941654,
      "adj_r_squared": 0.01596163819932861,
      "significant": false
    },
    "Middle (2012-2017)": {
      "n": 163,
      "n_coaches": 51,
      "aggression_coef": 0.6713859341253956,
      "aggression_se": 0.6052404500671354,
      "aggression_t": 1.1092879434131064,
      "aggression_p": 0.26897049810588713,
      "war_lag_coef": 0.2507205945674533,
      "war_lag_se": 0.08015944008454522,
      "war_lag_t": 3.1277737756528117,
      "war_lag_p": 0.002093079924143204,
      "intercept": 0.013543334215128447,
      "r_squared": 0.0672163514041757,
      "adj_r_squared": 0.05555655579672791,
      "significant": false
    },
    "Late (2018-2024)": {
      "n": 190,
      "n_coaches": 57,
      "aggression_coef": -0.04630892343587352,
      "aggression_se": 0.4265456192243392,
      "aggression_t": -0.1085673403939418,
      "aggression_p": 0.9136620714253791,
      "war_lag_coef": 0.1714707679509064,
      "war_lag_se": 0.07486422273454041,
      "war_lag_t": 2.2904234050344883,
      "war_lag_p": 0.02311264912215849,
      "intercept": 0.014804735368678237,
      "r_squared": 0.026261791913081978,
      "adj_r_squared": 0.01584747952712562,
      "significant": false
    }
  },
  "coefficient_comparisons": {
    "Early (2006-2011) vs Middle (2012-2017)": {
      "coef_diff": 0.2475088904497298,
      "se_diff": 1.0014106000411171,
      "z_statistic": 0.2471602461962828,
      "p_value": 0.8047842099188331,
      "significant": false
    },
    "Early (2006-2011) vs Late (2018-2024)": {
      "coef_diff": 0.965203748010999,
      "se_diff": 0.9046813542660845,
      "z_statistic": 1.0668991280294626,
      "p_value": 0.2860173886484543,
      "significant": false
    },
    "Middle (2012-2017) vs Late (2018-2024)": {
      "coef_diff": 0.7176948575612692,
      "se_diff": 0.7404438990746994,
      "z_statistic": 0.9692764819294767,
      "p_value": 0.33240726009701316,
      "significant": false
    }
  },
  "component_analysis": {
    "fourth_down": {
      "Early (2006-2011)": {
        "coef": 0.40480716303738157,
        "se": 0.5344711172838235,
        "p": 0.4502146461385612,
        "significant": false
      },
      "Middle (2012-2017)": {
        "coef": -0.5890094664166635,
        "se": 0.4207317006542919,
        "p": 0.16345996245673566,
        "significant": false
      },
      "Late (2018-2024)": {
        "coef": 0.606981585580023,
        "se": 0.28586182863857357,
        "p": 0.03504043431777726,
        "significant": true
      }
    },
    "pass_heavy": {
      "Early (2006-2011)": {
        "coef": 0.17676730623797343,
        "se": 0.25799123489223363,
        "p": 0.4944866628077995,
        "significant": false
      },
      "Middle (2012-2017)": {
        "coef": 0.11565853153202636,
        "se": 0.22501489329200236,
        "p": 0.6079584278038586,
        "significant": false
      },
      "Late (2018-2024)": {
        "coef": -0.07395892024161047,
        "se": 0.1936485318727419,
        "p": 0.7029517834581904,
        "significant": false
      }
    },
    "deep_pass": {
      "Early (2006-2011)": {
        "coef": 0.13709609963919406,
        "se": 0.3179279063385435,
        "p": 0.6670412464809372,
        "significant": false
      },
      "Middle (2012-2017)": {
        "coef": -0.08551497067629323,
        "se": 0.25726251682515816,
        "p": 0.7400196540457755,
        "significant": false
      },
      "Late (2018-2024)": {
        "coef": 0.07628275461599357,
        "se": 0.22903040157589757,
        "p": 0.7394558899269743,
        "significant": false
      }
    },
    "two_point": {
      "Early (2006-2011)": {
        "coef": -0.020394348340442955,
        "se": 0.4440270773846602,
        "p": 0.9634378555549221,
        "significant": false
      },
      "Middle (2012-2017)": {
        "coef": 0.746215715544843,
        "se": 0.2765023956877132,
        "p": 0.007707108296962861,
        "significant": true
      },
      "Late (2018-2024)": {
        "coef": -0.2862366871850463,
        "se": 0.18834392505510403,
        "p": 0.13026143943858814,
        "significant": false
      }
    }
  }
}