{
  "stratified_regressions": {},
  "coefficient_comparisons": {},
  "component_analysis": {
    "fourth_down": {
      "Early (2006-2011)": {
        "coef": 0.33914204118860464,
        "se": 0.49107026670961773,
        "p": 0.4910758033056841,
        "significant": false
      },
      "Middle (2012-2017)": {
        "coef": -0.5697476217796313,
        "se": 0.41215754825812734,
        "p": 0.16893163356322516,
        "significant": false
      },
      "Late (2018-2024)": {
        "coef": 0.4931992141134352,
        "se": 0.234182838260275,
        "p": 0.03663523797375645,
        "significant": true
      }
    },
    "pass_heavy": {
      "Early (2006-2011)": {
        "coef": 0.20055074076949483,
        "se": 0.20717419855076447,
        "p": 0.3348840819552248,
        "significant": false
      },
      "Middle (2012-2017)": {
        "coef": 0.03463371084130435,
        "se": 0.22578980378823765,
        "p": 0.8782989259187048,
        "significant": false
      },
      "Late (2018-2024)": {
        "coef": 0.030285144286969882,
        "se": 0.18425745231937976,
        "p": 0.8696360094212321,
        "significant": false
      }
    },
    "deep_pass": {
      "Early (2006-2011)": {
        "coef": 0.1656693810367216,
        "se": 0.3092795674515327,
        "p": 0.5931362828953453,
        "significant": false
      },
      "Middle (2012-2017)": {
        "coef": 0.09073125657636917,
        "se": 0.24165406327274028,
        "p": 0.7078528968251256,
        "significant": false
      },
      "Late (2018-2024)": {
        "coef": -0.017208294199923868,
        "se": 0.24006517787175224,
        "p": 0.942937498553134,
        "significant": false
      }
    },
    "two_point": {
      "Early (2006-2011)": {
        "coef": -0.10771191381909302,
        "se": 0.48601530875827664,
        "p": 0.8249665698873563,
        "significant": false
      },
      "Middle (2012-2017)": {
        "coef": 0.6212296168512536,
        "se": 0.276903709673315,
        "p": 0.026340175659525178,
        "significant": true
      },
      "Late (2018-2024)": {
        "coef": -0.27554763887445494,
        "se": 0.16766432901571346,
        "p": 0.1020959763303495,
        "significant": false
      }
    }
  }
}