{
  "overall": {
    "n": 207,
    "correlation": 0.0974197950832123,
    "p_value": 0.1625750819831689,
    "mentor_war_mean": 0.016179006628655568,
    "mentor_war_std": 0.06369298006941129,
    "protege_war_mean": -0.026469342656450352,
    "protege_war_std": 0.07538951816727844
  },
  "regression": {
    "slope": 0.11530990390580832,
    "intercept": -0.02833494235609206,
    "r_squared": 0.009490616474055092,
    "p_value": 0.16257508198316872,
    "std_err": 0.08227573392830653
  },
  "by_coordinator_type": {
    "Offensive Coordinator": {
      "n": 107,
      "correlation": 0.06339659110968258,
      "p_value": 0.5165129028746416,
      "mentor_war_mean": 0.005556994836180767,
      "protege_war_mean": -0.02592144530283239
    },
    "Defensive Coordinator": {
      "n": 96,
      "correlation": 0.14831029874953766,
      "p_value": 0.14927664209731434,
      "mentor_war_mean": 0.027068704717397658,
      "protege_war_mean": -0.02693527737683302
    }
  },
  "by_era": {
    "2010-2019": {
      "n": 108,
      "correlation": 0.1495210266641911,
      "p_value": 0.12247137100769749
    },
    "2020+": {
      "n": 30,
      "correlation": 0.1942244249476279,
      "p_value": 0.30374140411872164
    },
    "2000-2009": {
      "n": 56,
      "correlation": -0.015508641346446075,
      "p_value": 0.9096775740812965
    },
    "Pre-2000": {
      "n": 13,
      "correlation": -0.22609495371538224,
      "p_value": 0.4576280816208965
    }
  }
}