{
  "overall": {
    "n": 207,
    "correlation": 0.06803041321195785,
    "p_value": 0.3300619647829331,
    "mentor_war_mean": 0.008895075841570378,
    "mentor_war_std": 0.06553007288696594,
    "protege_war_mean": -0.03552629793388447,
    "protege_war_std": 0.07538901124864412
  },
  "regression": {
    "slope": 0.07826552544406391,
    "intercept": -0.03622247571848977,
    "r_squared": 0.004628137121789724,
    "p_value": 0.3300619647829329,
    "std_err": 0.0801646952440101
  },
  "by_coordinator_type": {
    "Offensive Coordinator": {
      "n": 107,
      "correlation": 0.04779860098092029,
      "p_value": 0.6249090906676248,
      "mentor_war_mean": -0.00231952907473997,
      "protege_war_mean": -0.03367478445027105
    },
    "Defensive Coordinator": {
      "n": 96,
      "correlation": 0.10628907491563111,
      "p_value": 0.30268289410301075,
      "mentor_war_mean": 0.020228342093895017,
      "protege_war_mean": -0.037545281728174694
    }
  },
  "by_era": {
    "2010-2019": {
      "n": 108,
      "correlation": 0.16851373892841656,
      "p_value": 0.0812710013388786
    },
    "2000-2009": {
      "n": 56,
      "correlation": -0.03884162206686264,
      "p_value": 0.7762451717226901
    },
    "Pre-2000": {
      "n": 13,
      "correlation": -0.3707951116876602,
      "p_value": 0.21229788795589927
    },
    "2020+": {
      "n": 30,
      "correlation": 0.05619061842515171,
      "p_value": 0.768051830672672
    }
  }
}