{
  "overall": {
    "n": 196,
    "correlation": 0.1121658718832279,
    "p_value": 0.1175310384220259,
    "ci_low": -0.03524054745976193,
    "ci_high": 0.25151309641431063,
    "p_bootstrap_mentor_clustered": 0.127,
    "n_mentors": 87,
    "mentor_war_mean": -0.0005539966576716603,
    "mentor_war_std": 0.07307676293291897,
    "protege_war_mean": -0.040644180886166496,
    "protege_war_std": 0.07699820859987028
  },
  "regression": {
    "slope": 0.11818491753635933,
    "intercept": -0.040578706836864153,
    "r_squared": 0.012581182815324703,
    "p_value": 0.11753103842202589,
    "std_err": 0.07517114313428454
  },
  "by_coordinator_type": {
    "Offensive Coordinator": {
      "n": 101,
      "correlation": 0.08648759393152171,
      "p_value": 0.38979815603815393,
      "ci_low": -0.14030306575674797,
      "ci_high": 0.30364999971762346,
      "p_bootstrap_mentor_clustered": 0.444,
      "n_mentors": 64,
      "mentor_war_mean": -0.014046577807790537,
      "protege_war_mean": -0.03856250302214499
    },
    "Defensive Coordinator": {
      "n": 93,
      "correlation": 0.16259475927336578,
      "p_value": 0.11942732627396829,
      "ci_low": -0.015696412292028245,
      "ci_high": 0.33312293637806323,
      "p_bootstrap_mentor_clustered": 0.082,
      "n_mentors": 57,
      "mentor_war_mean": 0.012453664459687897,
      "protege_war_mean": -0.0432530561167419
    }
  },
  "by_era": {
    "2010-2019": {
      "n": 103,
      "correlation": 0.1066291019380181,
      "p_value": 0.2837110977711612
    },
    "2000-2009": {
      "n": 54,
      "correlation": 0.021135869597349533,
      "p_value": 0.8794243902449592
    },
    "Pre-2000": {
      "n": 12,
      "correlation": -0.1510547362394294,
      "p_value": 0.6393434713179064
    },
    "2020+": {
      "n": 27,
      "correlation": 0.38854712512634837,
      "p_value": 0.045188123812626095
    }
  }
}