{
  "fourth_down": {
    "n": 79106,
    "n_groups": 608,
    "J": 50,
    "rho": 0.2,
    "test_frac": 0.16666666666666669,
    "group_col": "team_year_offense",
    "n_features": 16,
    "nb_auc": {
      "mean": 0.974795384479831,
      "ci_low": 0.9734653358976626,
      "ci_high": 0.9761254330619995,
      "std": 0.0014110808357250492,
      "se_corrected": 0.0006618555790269587,
      "J": 50,
      "rho": 0.2
    }
  },
  "run_pass": {
    "n": 670124,
    "n_groups": 608,
    "J": 50,
    "rho": 0.2,
    "test_frac": 0.16666666666666669,
    "group_col": "team_year_offense",
    "n_features": 16,
    "nb_auc": {
      "mean": 0.7841469085472412,
      "ci_low": 0.7818818370526636,
      "ci_high": 0.7864119800418189,
      "std": 0.0024030693467863686,
      "se_corrected": 0.0011271394336115376,
      "J": 50,
      "rho": 0.2
    }
  },
  "pass_target": {
    "n": 349797,
    "n_groups": 608,
    "J": 50,
    "rho": 0.2,
    "test_frac": 0.16666666666666669,
    "group_col": "team_year_offense",
    "n_features": 17,
    "nb_auc": {
      "mean": 0.7335588263495134,
      "ci_low": 0.7314080523473543,
      "ci_high": 0.7357096003516725,
      "std": 0.00228180836182273,
      "se_corrected": 0.0010702629901190215,
      "J": 50,
      "rho": 0.2
    }
  },
  "two_point": {
    "n": 25908,
    "n_groups": 608,
    "J": 50,
    "rho": 0.2,
    "test_frac": 0.16666666666666669,
    "group_col": "team_year_offense",
    "n_features": 16,
    "nb_auc": {
      "mean": 0.9270116832183132,
      "ci_low": 0.9140345865072537,
      "ci_high": 0.9399887799293727,
      "std": 0.013767716997579556,
      "se_corrected": 0.006457631678223606,
      "J": 50,
      "rho": 0.2
    }
  },
  "shotgun": {
    "n": 643290,
    "n_groups": 608,
    "J": 50,
    "rho": 0.2,
    "test_frac": 0.16666666666666669,
    "group_col": "team_year_offense",
    "n_features": 16,
    "nb_auc": {
      "mean": 0.8069984939134283,
      "ci_low": 0.8016950569473077,
      "ci_high": 0.8123019308795488,
      "std": 0.005626545050082172,
      "se_corrected": 0.0026390835576261926,
      "J": 50,
      "rho": 0.2
    }
  },
  "no_huddle": {
    "n": 643290,
    "n_groups": 608,
    "J": 50,
    "rho": 0.2,
    "test_frac": 0.16666666666666669,
    "group_col": "team_year_offense",
    "n_features": 18,
    "nb_auc": {
      "mean": 0.7664817778803885,
      "ci_low": 0.7577165567112397,
      "ci_high": 0.7752469990495373,
      "std": 0.009299235966638815,
      "se_corrected": 0.004361728293223957,
      "J": 50,
      "rho": 0.2
    }
  },
  "pace": {
    "n": 518836,
    "n_groups": 608,
    "J": 50,
    "rho": 0.2,
    "test_frac": 0.16666666666666669,
    "group_col": "team_year_offense",
    "n_features": 15,
    "nb_r2": {
      "mean": 0.42761089697531324,
      "ci_low": 0.42366411796675696,
      "ci_high": 0.4315576759838695,
      "std": 0.004187233681897563,
      "se_corrected": 0.0019639866851635813,
      "J": 50,
      "rho": 0.2
    },
    "nb_rmse": {
      "mean": 11.076482728115566,
      "ci_low": 11.04425606264175,
      "ci_high": 11.108709393589383,
      "std": 0.034190051896664554,
      "se_corrected": 0.016036555824529633,
      "J": 50,
      "rho": 0.2
    }
  },
  "box_stacking": {
    "n": 308705,
    "n_groups": 288,
    "J": 50,
    "rho": 0.2,
    "test_frac": 0.16666666666666669,
    "group_col": "team_year_defense",
    "n_features": 15,
    "nb_r2": {
      "mean": 0.42187975766424507,
      "ci_low": 0.41086034502247676,
      "ci_high": 0.4328991703060134,
      "std": 0.011690762433952022,
      "se_corrected": 0.005483453636456029,
      "J": 50,
      "rho": 0.2
    },
    "nb_rmse": {
      "mean": 0.8106012192084484,
      "ci_low": 0.8010068337031128,
      "ci_high": 0.820195604713784,
      "std": 0.010178916543834234,
      "se_corrected": 0.004774335057512753,
      "J": 50,
      "rho": 0.2
    }
  },
  "pass_rush": {
    "n": 180592,
    "n_groups": 288,
    "J": 50,
    "rho": 0.2,
    "test_frac": 0.16666666666666669,
    "group_col": "team_year_defense",
    "n_features": 17,
    "nb_r2": {
      "mean": 0.05468895691733819,
      "ci_low": 0.05082390069080417,
      "ci_high": 0.05855401314387221,
      "std": 0.004100531998139714,
      "se_corrected": 0.0019233199907734773,
      "J": 50,
      "rho": 0.2
    },
    "nb_rmse": {
      "mean": 0.8111460493575732,
      "ci_low": 0.7929129088863998,
      "ci_high": 0.8293791898287466,
      "std": 0.01934398144465517,
      "se_corrected": 0.009073131542574261,
      "J": 50,
      "rho": 0.2
    }
  },
  "man_coverage": {
    "n": 134457,
    "n_groups": 224,
    "J": 50,
    "rho": 0.2,
    "test_frac": 0.16666666666666669,
    "group_col": "team_year_defense",
    "n_features": 20,
    "nb_auc": {
      "mean": 0.6797024084987471,
      "ci_low": 0.6728208531467506,
      "ci_high": 0.6865839638507436,
      "std": 0.007300809163942213,
      "se_corrected": 0.0034243830362017877,
      "J": 50,
      "rho": 0.2
    }
  }
}