{
  "overall": {
    "correlation": 0.2888755827006034,
    "p_value": 3.764778030244788e-13,
    "ci_low": 0.15807711243592396,
    "ci_high": 0.41251041985680675,
    "p_bootstrap_mentor_clustered": 0.0,
    "n_mentors": 96,
    "small_cluster": false,
    "p_wild_cluster": null,
    "n": 608,
    "significant": true
  },
  "by_mentor_background": {
    "Offensive": {
      "correlation": 0.4421173042244169,
      "p_value": 1.332087492611363e-16,
      "ci_low": 0.2880741928721027,
      "ci_high": 0.5570541106610994,
      "p_bootstrap_mentor_clustered": 0.0,
      "n_mentors": 54,
      "small_cluster": false,
      "p_wild_cluster": null,
      "n": 317,
      "significant": true
    },
    "Defensive": {
      "correlation": 0.09838185854753337,
      "p_value": 0.11564661592024784,
      "ci_low": -0.13388026178969323,
      "ci_high": 0.2995391664207278,
      "p_bootstrap_mentor_clustered": 0.393,
      "n_mentors": 34,
      "small_cluster": true,
      "p_wild_cluster": 0.402,
      "n": 257,
      "significant": false
    }
  },
  "by_coordinator_type": {
    "OC": {
      "correlation": 0.39856603261942686,
      "p_value": 6.567777727476932e-11,
      "ci_low": 0.21307262010562456,
      "ci_high": 0.5431471872589847,
      "p_bootstrap_mentor_clustered": 0.0,
      "n_mentors": 45,
      "small_cluster": false,
      "p_wild_cluster": null,
      "n": 249,
      "significant": true
    },
    "DC": {
      "correlation": 0.09601953740010007,
      "p_value": 0.11615104406223455,
      "ci_low": -0.12472192096269713,
      "ci_high": 0.30350524921127164,
      "p_bootstrap_mentor_clustered": 0.379,
      "n_mentors": 36,
      "small_cluster": true,
      "p_wild_cluster": 0.4315,
      "n": 269,
      "significant": false
    }
  }
}