{
  "overall": {
    "correlation": 0.29926471519655934,
    "p_value": 3.961427158252284e-14,
    "ci_low": 0.1736306764986958,
    "ci_high": 0.4163324569808733,
    "p_bootstrap_mentor_clustered": 0.0,
    "n_mentors": 95,
    "small_cluster": false,
    "p_wild_cluster": null,
    "n": 612,
    "significant": true
  },
  "by_mentor_background": {
    "Offensive": {
      "correlation": 0.4647254296564029,
      "p_value": 4.030757408324885e-18,
      "ci_low": 0.3216612031300895,
      "ci_high": 0.5753363969600271,
      "p_bootstrap_mentor_clustered": 0.0,
      "n_mentors": 53,
      "small_cluster": false,
      "p_wild_cluster": null,
      "n": 312,
      "significant": true
    },
    "Defensive": {
      "correlation": 0.09981809544345548,
      "p_value": 0.10429553225660514,
      "ci_low": -0.1285290920274919,
      "ci_high": 0.29832655887647347,
      "p_bootstrap_mentor_clustered": 0.369,
      "n_mentors": 34,
      "small_cluster": true,
      "p_wild_cluster": 0.3905,
      "n": 266,
      "significant": false
    }
  },
  "by_coordinator_type": {
    "OC": {
      "correlation": 0.4177509949128194,
      "p_value": 1.2229201200290052e-11,
      "ci_low": 0.2382619408959984,
      "ci_high": 0.5499351586832791,
      "p_bootstrap_mentor_clustered": 0.0,
      "n_mentors": 44,
      "small_cluster": false,
      "p_wild_cluster": null,
      "n": 242,
      "significant": true
    },
    "DC": {
      "correlation": 0.09741758863470476,
      "p_value": 0.10505741494285073,
      "ci_low": -0.11981847951848716,
      "ci_high": 0.3015978095816006,
      "p_bootstrap_mentor_clustered": 0.361,
      "n_mentors": 36,
      "small_cluster": true,
      "p_wild_cluster": 0.417,
      "n": 278,
      "significant": false
    }
  }
}