{
  "overall": {
    "correlation": 0.11102173288643225,
    "p_value": 0.09445508608043751,
    "ci_low": 0.01131431071789608,
    "ci_high": 0.20700814640883947,
    "p_bootstrap_mentor_clustered": 0.037,
    "p_wild_cluster": null,
    "n_mentors": 96,
    "small_cluster": false,
    "n": 228,
    "correlation_raw": 0.25994477687584383,
    "p_value_raw": 7.127096780259642e-05,
    "ci_low_raw": 0.1524201441360152,
    "ci_high_raw": 0.36221108113503514,
    "p_bootstrap_mentor_clustered_raw": 0.0,
    "p_wild_cluster_raw": null,
    "n_mentors_raw": 96,
    "small_cluster_raw": false,
    "n_raw": 228,
    "significant": false
  },
  "by_mentor_background": {
    "Offensive": {
      "correlation": 0.13709586272623359,
      "p_value": 0.13374641178813915,
      "ci_low": -0.02543052792665736,
      "ci_high": 0.2672149275003608,
      "p_bootstrap_mentor_clustered": 0.1,
      "p_wild_cluster": null,
      "n_mentors": 54,
      "small_cluster": false,
      "n": 121,
      "correlation_raw": 0.35138311046535264,
      "p_value_raw": 7.754108290270378e-05,
      "ci_low_raw": 0.21213034491315147,
      "ci_high_raw": 0.4651084311765035,
      "p_bootstrap_mentor_clustered_raw": 0.0,
      "p_wild_cluster_raw": null,
      "n_mentors_raw": 54,
      "small_cluster_raw": false,
      "n_raw": 121,
      "significant": false
    },
    "Defensive": {
      "correlation": 0.06860013792678107,
      "p_value": 0.522968163109435,
      "ci_low": -0.08991855928252483,
      "ci_high": 0.21704253932013876,
      "p_bootstrap_mentor_clustered": 0.447,
      "p_wild_cluster": 0.486,
      "n_mentors": 34,
      "small_cluster": true,
      "n": 89,
      "correlation_raw": 0.14541750063223813,
      "p_value_raw": 0.1739210032307038,
      "ci_low_raw": -0.04608040904726335,
      "ci_high_raw": 0.2940330116251711,
      "p_bootstrap_mentor_clustered_raw": 0.124,
      "p_wild_cluster_raw": 0.1245,
      "n_mentors_raw": 34,
      "small_cluster_raw": true,
      "n_raw": 89,
      "significant": false
    }
  },
  "by_protege_role": {
    "OC": {
      "correlation": 0.21275056323138575,
      "p_value": 0.024972793244214316,
      "ci_low": 0.059808795645693726,
      "ci_high": 0.3651038829769412,
      "p_bootstrap_mentor_clustered": 0.011,
      "p_wild_cluster": null,
      "n_mentors": 71,
      "small_cluster": false,
      "n": 111,
      "correlation_raw": 0.1847340873619851,
      "p_value_raw": 0.052257939435452434,
      "ci_low_raw": -0.016364262194642515,
      "ci_high_raw": 0.3791158709991566,
      "p_bootstrap_mentor_clustered_raw": 0.077,
      "p_wild_cluster_raw": null,
      "n_mentors_raw": 71,
      "small_cluster_raw": false,
      "n_raw": 111,
      "significant": true
    },
    "DC": {
      "correlation": -0.012306275553143611,
      "p_value": 0.9003625990210639,
      "ci_low": -0.1629872318735546,
      "ci_high": 0.13291842691359998,
      "p_bootstrap_mentor_clustered": 0.869,
      "p_wild_cluster": null,
      "n_mentors": 65,
      "small_cluster": false,
      "n": 106,
      "correlation_raw": 0.29788111542083406,
      "p_value_raw": 0.0019271705069060807,
      "ci_low_raw": 0.16881819176882196,
      "ci_high_raw": 0.41410920883573793,
      "p_bootstrap_mentor_clustered_raw": 0.0,
      "p_wild_cluster_raw": null,
      "n_mentors_raw": 65,
      "small_cluster_raw": false,
      "n_raw": 106,
      "significant": false
    }
  },
  "two_by_two": {
    "Offensive|OC": {
      "correlation": 0.4125211686463264,
      "p_value": 0.004862447818654334,
      "ci_low": 0.17105056878191796,
      "ci_high": 0.6030149850247664,
      "p_bootstrap_mentor_clustered": 0.0,
      "p_wild_cluster": 0.009,
      "n_mentors": 33,
      "small_cluster": true,
      "n": 45,
      "correlation_raw": 0.38814591065729737,
      "p_value_raw": 0.008421751855061464,
      "ci_low_raw": 0.11642855018238014,
      "ci_high_raw": 0.5936027858239905,
      "p_bootstrap_mentor_clustered_raw": 0.004,
      "p_wild_cluster_raw": 0.011,
      "n_mentors_raw": 33,
      "small_cluster_raw": true,
      "n_raw": 45,
      "significant": true
    },
    "Offensive|DC": {
      "correlation": -0.051298844791935014,
      "p_value": 0.6755002376103677,
      "ci_low": -0.23617208123985337,
      "ci_high": 0.14944896620880543,
      "p_bootstrap_mentor_clustered": 0.589,
      "p_wild_cluster": null,
      "n_mentors": 46,
      "small_cluster": false,
      "n": 69,
      "correlation_raw": 0.3376770361792847,
      "p_value_raw": 0.004545791514729251,
      "ci_low_raw": 0.1771449210011019,
      "ci_high_raw": 0.48995083635334785,
      "p_bootstrap_mentor_clustered_raw": 0.0,
      "p_wild_cluster_raw": null,
      "n_mentors_raw": 46,
      "small_cluster_raw": false,
      "n_raw": 69,
      "significant": false
    },
    "Defensive|OC": {
      "correlation": 0.09920784078706786,
      "p_value": 0.484091915515239,
      "ci_low": -0.10694721031006624,
      "ci_high": 0.3000984755651872,
      "p_bootstrap_mentor_clustered": 0.33,
      "p_wild_cluster": 0.4055,
      "n_mentors": 30,
      "small_cluster": true,
      "n": 52,
      "correlation_raw": 0.07039238990483496,
      "p_value_raw": 0.619976817099758,
      "ci_low_raw": -0.23465771889439724,
      "ci_high_raw": 0.36516724281983026,
      "p_bootstrap_mentor_clustered_raw": 0.609,
      "p_wild_cluster_raw": 0.66,
      "n_mentors_raw": 30,
      "small_cluster_raw": true,
      "n_raw": 52,
      "significant": false
    },
    "Defensive|DC": {
      "correlation": 0.04295738204344676,
      "p_value": 0.8093811035111251,
      "ci_low": -0.18665086414034537,
      "ci_high": 0.25941481286697565,
      "p_bootstrap_mentor_clustered": 0.668,
      "p_wild_cluster": 0.6425,
      "n_mentors": 18,
      "small_cluster": true,
      "n": 34,
      "correlation_raw": 0.11395642874056985,
      "p_value_raw": 0.5210576337145038,
      "ci_low_raw": -0.21805345112445157,
      "ci_high_raw": 0.3518919182483818,
      "p_bootstrap_mentor_clustered_raw": 0.475,
      "p_wild_cluster_raw": 0.5025,
      "n_mentors_raw": 18,
      "small_cluster_raw": true,
      "n_raw": 34,
      "significant": false
    }
  }
}