{
  "one_way": {
    "pooled": {
      "n": 585,
      "n_coaches": 102,
      "aggression_coef": 0.651321762916647,
      "aggression_se": 0.40209460590010493,
      "aggression_t": 1.6198221845295264,
      "aggression_p": 0.1084199481734629,
      "r_squared": 0.006656098953399026,
      "significant": false
    },
    "stratified": {
      "Early (2006-2011)": {
        "n": 175,
        "n_coaches": 45,
        "aggression_coef": 1.1505036337355714,
        "aggression_se": 0.920442207946324,
        "aggression_t": 1.2499466276134346,
        "aggression_p": 0.2180792823144755,
        "r_squared": 0.013888566485197207,
        "significant": false
      },
      "Middle (2012-2017)": {
        "n": 180,
        "n_coaches": 47,
        "aggression_coef": 0.7759699306827845,
        "aggression_se": 0.6624545826620842,
        "aggression_t": 1.1713556687381301,
        "aggression_p": 0.24762090443110063,
        "r_squared": 0.009337715193842744,
        "significant": false
      },
      "Late (2018-2024)": {
        "n": 207,
        "n_coaches": 50,
        "aggression_coef": 0.5279236024930892,
        "aggression_se": 0.5486743579121725,
        "aggression_t": 0.9621801982909417,
        "aggression_p": 0.3407814008355494,
        "r_squared": 0.005241201754864755,
        "significant": false
      }
    },
    "coefficient_comparisons": {
      "Early (2006-2011) vs Middle (2012-2017)": {
        "coef_diff": 0.3745337030527869,
        "se_diff": 1.1340458245851885,
        "z_statistic": 0.3302632882492062,
        "p_value": 0.7412010298059002,
        "significant": false
      },
      "Early (2006-2011) vs Late (2018-2024)": {
        "coef_diff": 0.6225800312424822,
        "se_diff": 1.0715677343030812,
        "z_statistic": 0.5809992325379146,
        "p_value": 0.5612409707938051,
        "significant": false
      },
      "Middle (2012-2017) vs Late (2018-2024)": {
        "coef_diff": 0.2480463281896953,
        "se_diff": 0.8601683702161634,
        "z_statistic": 0.28836950622511304,
        "p_value": 0.7730639072548318,
        "significant": false
      }
    }
  },
  "two_way": {
    "pooled": {
      "n": 585,
      "n_coaches": 102,
      "aggression_coef": 1.1660523651332875,
      "aggression_se": 0.38185378512926904,
      "aggression_t": 3.053661926484619,
      "aggression_p": 0.002897012583384262,
      "r_squared": 0.024143100275277773,
      "significant": true
    },
    "stratified": {
      "Early (2006-2011)": {
        "n": 175,
        "n_coaches": 45,
        "aggression_coef": 1.5201360556595243,
        "aggression_se": 0.9188067316697487,
        "aggression_t": 1.6544676951778303,
        "aggression_p": 0.1053150011439763,
        "r_squared": 0.023984734641535277,
        "significant": false
      },
      "Middle (2012-2017)": {
        "n": 180,
        "n_coaches": 47,
        "aggression_coef": 0.8756908319303538,
        "aggression_se": 0.6762232435601223,
        "aggression_t": 1.2949729845429323,
        "aggression_p": 0.20193442639236858,
        "r_squared": 0.011797743060756982,
        "significant": false
      },
      "Late (2018-2024)": {
        "n": 207,
        "n_coaches": 50,
        "aggression_coef": 0.5297206154922872,
        "aggression_se": 0.5713169656127205,
        "aggression_t": 0.9271921671784726,
        "aggression_p": 0.35846563972853085,
        "r_squared": 0.005232086195724794,
        "significant": false
      }
    },
    "coefficient_comparisons": {
      "Early (2006-2011) vs Middle (2012-2017)": {
        "coef_diff": 0.6444452237291705,
        "se_diff": 1.1408258786040129,
        "z_statistic": 0.5648935878959501,
        "p_value": 0.5721461453032464,
        "significant": false
      },
      "Early (2006-2011) vs Late (2018-2024)": {
        "coef_diff": 0.990415440167237,
        "se_diff": 1.0819468033866415,
        "z_statistic": 0.9154012351319872,
        "p_value": 0.35998103021521866,
        "significant": false
      },
      "Middle (2012-2017) vs Late (2018-2024)": {
        "coef_diff": 0.3459702164380666,
        "se_diff": 0.8852575615762336,
        "z_statistic": 0.3908130598986965,
        "p_value": 0.6959354207990822,
        "significant": false
      }
    }
  },
  "component_analysis": {
    "fourth_down": {
      "pooled": {
        "n": 585,
        "n_coaches": 102,
        "aggression_coef": 0.3170555525701808,
        "aggression_se": 0.2787648391782734,
        "aggression_t": 1.1373584757130009,
        "aggression_p": 0.25810635200700593,
        "r_squared": 0.0031867405430221485,
        "significant": false
      },
      "Early (2006-2011)": {
        "n": 175,
        "n_coaches": 45,
        "aggression_coef": 0.40293023438788944,
        "aggression_se": 0.43663468522121973,
        "aggression_t": 0.9228085812370723,
        "aggression_p": 0.36125623680887475,
        "r_squared": 0.004302002600010568,
        "significant": false
      },
      "Middle (2012-2017)": {
        "n": 180,
        "n_coaches": 47,
        "aggression_coef": -0.1749133607485595,
        "aggression_se": 0.6459338567716956,
        "aggression_t": -0.27079144236649355,
        "aggression_p": 0.787789678692413,
        "r_squared": 0.0006710283850444032,
        "significant": false
      },
      "Late (2018-2024)": {
        "n": 207,
        "n_coaches": 50,
        "aggression_coef": 0.683767858712842,
        "aggression_se": 0.38252015458862265,
        "aggression_t": 1.7875342005134163,
        "aggression_p": 0.08016556797765628,
        "r_squared": 0.017775958985250306,
        "significant": false
      }
    },
    "pass_heavy": {
      "pooled": {
        "n": 585,
        "n_coaches": 102,
        "aggression_coef": 0.1813568509260222,
        "aggression_se": 0.16480811142871643,
        "aggression_t": 1.1004121663299533,
        "aggression_p": 0.27379445861143226,
        "r_squared": 0.0028060494124226842,
        "significant": false
      },
      "Early (2006-2011)": {
        "n": 175,
        "n_coaches": 45,
        "aggression_coef": 0.3465503552020978,
        "aggression_se": 0.28416977549243627,
        "aggression_t": 1.2195187000502168,
        "aggression_p": 0.22929456483340127,
        "r_squared": 0.010591240383503564,
        "significant": false
      },
      "Middle (2012-2017)": {
        "n": 180,
        "n_coaches": 47,
        "aggression_coef": 0.03413473470241053,
        "aggression_se": 0.2538046408385742,
        "aggression_t": 0.13449216133175848,
        "aggression_p": 0.893613153152566,
        "r_squared": 8.692611272342887e-05,
        "significant": false
      },
      "Late (2018-2024)": {
        "n": 207,
        "n_coaches": 50,
        "aggression_coef": 0.16709013993789545,
        "aggression_se": 0.2806987102012876,
        "aggression_t": 0.5952650791237194,
        "aggression_p": 0.5544625261742799,
        "r_squared": 0.0026233257156816903,
        "significant": false
      }
    },
    "deep_pass": {
      "pooled": {
        "n": 585,
        "n_coaches": 102,
        "aggression_coef": 0.15745999682463677,
        "aggression_se": 0.1691142562085809,
        "aggression_t": 0.931086475822771,
        "aggression_p": 0.3540512260036561,
        "r_squared": 0.00178764514875418,
        "significant": false
      },
      "Early (2006-2011)": {
        "n": 175,
        "n_coaches": 45,
        "aggression_coef": -0.18381660657921214,
        "aggression_se": 0.2398402842156933,
        "aggression_t": -0.7664125615107347,
        "aggression_p": 0.44761811831990306,
        "r_squared": 0.0024906998340213926,
        "significant": false
      },
      "Middle (2012-2017)": {
        "n": 180,
        "n_coaches": 47,
        "aggression_coef": 0.6813507659836441,
        "aggression_se": 0.26616617687208344,
        "aggression_t": 2.559869830159126,
        "aggression_p": 0.013900184702629437,
        "r_squared": 0.034675990184787286,