{
  "one_way": {
    "pooled": {
      "n": 587,
      "n_coaches": 103,
      "aggression_coef": 15.487398157005014,
      "aggression_se": 5.659541118647135,
      "aggression_t": 2.736511288163791,
      "aggression_p": 0.007337538449707637,
      "ci_low": 4.352218421616745,
      "ci_high": 25.729723494567814,
      "r_squared": 0.01909448149063353,
      "cohens_d_within": 0.13818278290233435,
      "games_per_within_sd": 0.2211654811218613,
      "sd_gene_within": 0.01428035095887473,
      "sd_war_within_games": 1.6005284918757061,
      "war_scale": "games_per_season",
      "significant": true
    },
    "stratified": {
      "Early (2006-2011)": {
        "n": 177,
        "n_coaches": 46,
        "aggression_coef": 21.75862316590155,
        "aggression_se": 11.837399804802697,
        "aggression_t": 1.8381252238412689,
        "aggression_p": 0.07280095860632207,
        "ci_low": -1.6732792453382892,
        "ci_high": 44.34054828894508,
        "r_squared": 0.028551525098056918,
        "cohens_d_within": 0.168971965420471,
        "games_per_within_sd": 0.2780052693408368,
        "sd_gene_within": 0.01277678588489484,
        "sd_war_within_games": 1.6452745202379968,
        "war_scale": "games_per_season",
        "significant": false
      },
      "Middle (2012-2017)": {
        "n": 180,
        "n_coaches": 47,
        "aggression_coef": 10.688630841295,
        "aggression_se": 8.570076724646842,
        "aggression_t": 1.2472036347767306,
        "aggression_p": 0.21877505337282055,
        "ci_low": -8.202528856675778,
        "ci_high": 26.5956487241874,
        "r_squared": 0.009761372035302252,
        "cohens_d_within": 0.09879965604850081,
        "games_per_within_sd": 0.15785336384310888,
        "sd_gene_within": 0.01476834275473807,
        "sd_war_within_games": 1.5977116738707933,
        "war_scale": "games_per_season",
        "significant": false
      },
      "Late (2018-2024)": {
        "n": 207,
        "n_coaches": 50,
        "aggression_coef": 18.323720376721486,
        "aggression_se": 7.9704984613290435,
        "aggression_t": 2.2989428409808754,
        "aggression_p": 0.025904073029831,
        "ci_low": 1.7192548401482401,
        "ci_high": 33.25232061947859,
        "r_squared": 0.03003154840623956,
        "cohens_d_within": 0.17329612923040028,
        "games_per_within_sd": 0.272096745927599,
        "sd_gene_within": 0.014849426881304716,
        "sd_war_within_games": 1.5701259291593386,
        "war_scale": "games_per_season",
        "significant": true
      }
    },
    "coefficient_comparisons": {
      "Early (2006-2011) vs Middle (2012-2017)": {
        "coef_diff": 11.06999232460655,
        "se_diff": 14.614042876804367,
        "z_statistic": 0.757490067459499,
        "p_value": 0.44875631430829444,
        "significant": false
      },
      "Early (2006-2011) vs Late (2018-2024)": {
        "coef_diff": 3.4349027891800645,
        "se_diff": 14.270700048028184,
        "z_statistic": 0.2406961661039658,
        "p_value": 0.8097906106336752,
        "significant": false
      },
      "Middle (2012-2017) vs Late (2018-2024)": {
        "coef_diff": -7.635089535426486,
        "se_diff": 11.703634511910487,
        "z_statistic": -0.6523691018936427,
        "p_value": 0.5141630918529647,
        "significant": false
      }
    }
  },
  "two_way": {
    "pooled": {
      "n": 587,
      "n_coaches": 103,
      "aggression_coef": 22.384019732575,
      "aggression_se": 5.174854026595334,
      "aggression_t": 4.325536453305912,
      "aggression_p": 3.5804219705282136e-05,
      "ci_low": 12.077871130186987,
      "ci_high": 31.41000791687226,
      "r_squared": 0.04568642822047553,
      "cohens_d_within": 0.2137438378538093,
      "games_per_within_sd": 0.3440735746467087,
      "sd_gene_within": 0.015371393465400925,
      "sd_war_within_games": 1.6097473410299612,
      "war_scale": "games_per_season",
      "significant": true
    },
    "stratified": {
      "Early (2006-2011)": {
        "n": 177,
        "n_coaches": 46,
        "aggression_coef": 27.46838935623495,
        "aggression_se": 11.309603704281638,
        "aggression_t": 2.4287667432445796,
        "aggression_p": 0.019304348676656646,
        "ci_low": 4.845293883474456,
        "ci_high": 48.716203590189,
        "r_squared": 0.04529198360626452,
        "cohens_d_within": 0.212819133553035,
        "games_per_within_sd": 0.3400563457889466,
        "sd_gene_within": 0.012379915741647169,
        "sd_war_within_games": 1.5978654743663065,
        "war_scale": "games_per_season",
        "significant": true
      },
      "Middle (2012-2017)": {
        "n": 180,
        "n_coaches": 47,
        "aggression_coef": 12.45668934619932,
        "aggression_se": 8.725390084839042,
        "aggression_t": 1.4276369566380378,
        "aggression_p": 0.16029964288408927,
        "ci_low": -6.617132709382723,
        "ci_high": 28.500514336082848,
        "r_squared": 0.013210485399678062,
        "cohens_d_within": 0.11493687571740432,
        "games_per_within_sd": 0.18328726266767417,
        "sd_gene_within": 0.014713962721049733,
        "sd_war_within_games": 1.5946776134608285,
        "war_scale": "games_per_season",
        "significant": false
      },
      "Late (2018-2024)": {
        "n": 207,
        "n_coaches": 50,
        "aggression_coef": 18.79810075637837,
        "aggression_se": 8.074627573247806,
        "aggression_t": 2.328045545860059,
        "aggression_p": 0.02417092086883943,
        "ci_low": 0.9680035449607057,
        "ci_high": 33.48536104924555,
        "r_squared": 0.030600518932658582,
        "cohens_d_within": 0.17493004010934882,
        "games_per_within_sd": 0.27537239034919636,
        "sd_gene_within": 0.014648947461129016,
        "sd_war_within_games": 1.5741858298155136,
        "war_scale": "games_per_season",
        "significant": true
      }
    },
    "coefficient_comparisons": {
      "Early (2006-2011) vs Middle (2012-2017)": {
        "coef_diff": 15.01170001003563,
        "se_diff": 14.284241949802881,
        "z_statistic": 1.0509273129641148,
        "p_value": 0.2932919749286391,
        "significant": false
      },
      "Early (2006-2011) vs Late (2018-2024)": {
        "coef_diff": 8.67028859985658,
        "se_diff": 13.896285345176052,
        "z_statistic": 0.6239285092736224,
        "p_value": 0.5326745363589049,
        "significant": false
      },
      "Middle (2012-2017) vs Late (2018-2024)": {
        "coef_diff": -6.341411410179051,
        "se_diff": 11.888315380206786,
        "z_statistic": -0.5334154762361922,
        "p_value": 0.5937460067104103,
        "significant": false
      }
    }
  },
  "component_analysis": {
    "fourth_down": {
      "pooled": {
        "n": 587,
        "n_coaches": 103,
        "aggression_coef": 4.680740956836019,
        "aggression_se": 3.7543348349555954,
        "aggression_t": 1.2467563929713747,
        "aggression_p": 0.21537047427131117,
        "ci_low": -3.2135362108554424,
        "ci_high": 12.023525391990995,
        "r_squared": 0.0035422490864782663,
        "cohens_d_within": 0.05951679667520996,
        "games_per_within_sd": 0.09525832882384684,
        "sd_gene_within": 0.020351121692544463,
        "sd_war_within_games": 1.6005284918757061,
        "war_scale": "games_per_season",
        "significant": false
      },
      "Early (2006-2011)": {
        "n": 177,
        "n_coaches": 46,
        "aggression_coef": 9.361362973239396,
        "aggression_se": 6.43716725362932,
        "aggression_t": 1.4542674758002279,
        "aggression_p": 0.15296888537099207,
        "ci_low": -3.5466815587507994,
        "ci_high": 21.175770962707173,
        "r_squared": 0.011127748592484998,
        "cohens_d_within": 0.10548814432193342,
        "games_per_within_sd": 0.17355695604006557,
        "sd_gene_within": 0.018539710140093854,
        "sd_war_within_games": 1.6452745202379968,