{
  "one_way": {
    "pooled": {
      "n": 587,
      "n_coaches": 103,
      "aggression_coef": 0.9679623848128134,
      "aggression_se": 0.3537213199154459,
      "aggression_t": 2.736511288163791,
      "aggression_p": 0.007337538449707637,
      "ci_low": 0.27201365135104655,
      "ci_high": 1.6081077184104884,
      "r_squared": 0.01909448149063353,
      "significant": true
    },
    "stratified": {
      "Early (2006-2011)": {
        "n": 177,
        "n_coaches": 46,
        "aggression_coef": 1.359913947868847,
        "aggression_se": 0.7398374878001686,
        "aggression_t": 1.8381252238412689,
        "aggression_p": 0.07280095860632207,
        "ci_low": -0.10457995283364308,
        "ci_high": 2.7712842680590675,
        "r_squared": 0.028551525098056918,
        "significant": false
      },
      "Middle (2012-2017)": {
        "n": 180,
        "n_coaches": 47,
        "aggression_coef": 0.6680394275809375,
        "aggression_se": 0.5356297952904276,
        "aggression_t": 1.2472036347767306,
        "aggression_p": 0.21877505337282055,
        "ci_low": -0.5126580535422361,
        "ci_high": 1.6622280452617124,
        "r_squared": 0.009761372035302252,
        "significant": false
      },
      "Late (2018-2024)": {
        "n": 207,
        "n_coaches": 50,
        "aggression_coef": 1.1452325235450929,
        "aggression_se": 0.4981561538330652,
        "aggression_t": 2.2989428409808754,
        "aggression_p": 0.025904073029831,
        "ci_low": 0.10745342750926501,
        "ci_high": 2.078270038717412,
        "r_squared": 0.03003154840623956,
        "significant": true
      }
    },
    "coefficient_comparisons": {
      "Early (2006-2011) vs Middle (2012-2017)": {
        "coef_diff": 0.6918745202879094,
        "se_diff": 0.913377679800273,
        "z_statistic": 0.757490067459499,
        "p_value": 0.44875631430829444,
        "significant": false
      },
      "Early (2006-2011) vs Late (2018-2024)": {
        "coef_diff": 0.21468142432375403,
        "se_diff": 0.8919187530017615,
        "z_statistic": 0.2406961661039658,
        "p_value": 0.8097906106336752,
        "significant": false
      },
      "Middle (2012-2017) vs Late (2018-2024)": {
        "coef_diff": -0.4771930959641554,
        "se_diff": 0.7314771569944054,
        "z_statistic": -0.6523691018936427,
        "p_value": 0.5141630918529647,
        "significant": false
      }
    }
  },
  "two_way": {
    "pooled": {
      "n": 587,
      "n_coaches": 103,
      "aggression_coef": 1.3990012332859374,
      "aggression_se": 0.32342837666220836,
      "aggression_t": 4.325536453305912,
      "aggression_p": 3.5804219705282136e-05,
      "ci_low": 0.7548669456366867,
      "ci_high": 1.9631254948045163,
      "r_squared": 0.04568642822047553,
      "significant": true
    },
    "stratified": {
      "Early (2006-2011)": {
        "n": 177,
        "n_coaches": 46,
        "aggression_coef": 1.7167743347646844,
        "aggression_se": 0.7068502315176024,
        "aggression_t": 2.4287667432445796,
        "aggression_p": 0.019304348676656646,
        "ci_low": 0.3028308677171535,
        "ci_high": 3.0447627243868123,
        "r_squared": 0.04529198360626452,
        "significant": true
      },
      "Middle (2012-2017)": {
        "n": 180,
        "n_coaches": 47,
        "aggression_coef": 0.7785430841374575,
        "aggression_se": 0.5453368803024401,
        "aggression_t": 1.4276369566380378,
        "aggression_p": 0.16029964288408927,
        "ci_low": -0.4135707943364202,
        "ci_high": 1.781282146005178,
        "r_squared": 0.013210485399678062,
        "significant": false
      },
      "Late (2018-2024)": {
        "n": 207,
        "n_coaches": 50,
        "aggression_coef": 1.1748812972736482,
        "aggression_se": 0.5046642233279879,
        "aggression_t": 2.328045545860059,
        "aggression_p": 0.02417092086883943,
        "ci_low": 0.06050022156004411,
        "ci_high": 2.0928350655778467,
        "r_squared": 0.030600518932658582,
        "significant": true
      }
    },
    "coefficient_comparisons": {
      "Early (2006-2011) vs Middle (2012-2017)": {
        "coef_diff": 0.9382312506272269,
        "se_diff": 0.8927651218626801,
        "z_statistic": 1.0509273129641148,
        "p_value": 0.2932919749286391,
        "significant": false
      },
      "Early (2006-2011) vs Late (2018-2024)": {
        "coef_diff": 0.5418930374910362,
        "se_diff": 0.8685178340735032,
        "z_statistic": 0.6239285092736224,
        "p_value": 0.5326745363589049,
        "significant": false
      },
      "Middle (2012-2017) vs Late (2018-2024)": {
        "coef_diff": -0.39633821313619066,
        "se_diff": 0.7430197112629241,
        "z_statistic": -0.5334154762361922,
        "p_value": 0.5937460067104103,
        "significant": false
      }
    }
  },
  "component_analysis": {
    "fourth_down": {
      "pooled": {
        "n": 587,
        "n_coaches": 103,
        "aggression_coef": 0.2925463098022512,
        "aggression_se": 0.2346459271847247,
        "aggression_t": 1.2467563929713747,
        "aggression_p": 0.21537047427131117,
        "ci_low": -0.20084601317846515,
        "ci_high": 0.7514703369994372,
        "r_squared": 0.0035422490864782663,
        "significant": false
      },
      "Early (2006-2011)": {
        "n": 177,
        "n_coaches": 46,
        "aggression_coef": 0.5850851858274623,
        "aggression_se": 0.4023229533518325,
        "aggression_t": 1.4542674758002279,
        "aggression_p": 0.15296888537099207,
        "ci_low": -0.22166759742192496,
        "ci_high": 1.3234856851691983,
        "r_squared": 0.011127748592484998,
        "significant": false
      },
      "Middle (2012-2017)": {
        "n": 180,
        "n_coaches": 47,
        "aggression_coef": -0.09178398117901082,
        "aggression_se": 0.49751212436674985,
        "aggression_t": -0.18448591840015266,
        "aggression_p": 0.8544611789258918,
        "ci_low": -1.1246454457806143,
        "ci_high": 0.8449089094850928,
        "r_squared": 0.00024349418844815673,
        "significant": false
      },
      "Late (2018-2024)": {
        "n": 207,
        "n_coaches": 50,
        "aggression_coef": 0.4769493918349829,
        "aggression_se": 0.30931514565262724,
        "aggression_t": 1.5419529193394732,
        "aggression_p": 0.1296525903226824,
        "ci_low": -0.1296852891997651,
        "ci_high": 1.0807638137322233,
        "r_squared": 0.01215013328398562,
        "significant": false
      }
    },
    "pass_heavy": {
      "pooled": {
        "n": 587,
        "n_coaches": 103,
        "aggression_coef": 0.3448780478862161,
        "aggression_se": 0.14574640301252545,
        "aggression_t": 2.3662885721891693,
        "aggression_p": 0.019875122109766608,
        "ci_low": 0.054900566419597556,
        "ci_high": 0.6092835859087217,
        "r_squared": 0.013217445150131013,
        "significant": true
      },
      "Early (2006-2011)": {
        "n": 177,
        "n_coaches": 46,
        "aggression_coef": 0.43080702821872574,
        "aggression_se": 0.23526072358933792,
        "aggression_t": 1.8311897610700456,
        "aggression_p": 0.07384866810353019,
        "ci_low": -0.011269357308597612,
        "ci_high": 0.874378354281926,
        "r_squared": 0.021316073640590183,
        "significant": false
      },
      "Middle (2012-2017)": {
        "n": 180,
        "n_coaches": 47,
        "aggression_coef": 0.1806886889365793,
        "aggression_se": 0.23249099649963031,
        "aggression_t": 0.7771857476505186,
        "aggression_p": 0.44111581870393435,
        "ci_low": -0.3147024982242377,
        "ci_high": 0.6024975003274186,
        "r_squared": 0.003315859773308505,
        "significant": false
      },
      "Late (2018-2024)": {
        "n": 207,
        "n_coaches": 50,
        "aggression_coef": 0.42882802548911403,