{
  "generated_date": "2026-06-24T14:38:45.180439",
  "num_coaches": 641,
  "metrics": {
    "fourth_down_aggression": {
      "mean": -0.00011162935264702233,
      "std": 0.025733887157963858
    },
    "pass_heavy_aggression": {
      "mean": 0.020468440733911814,
      "std": 0.044539216633624194
    },
    "deep_pass_aggression": {
      "mean": 0.0008648453980163556,
      "std": 0.036512730982592105
    }
  },
  "most_aggressive_coach_years": [
    [
      "Bill Parcells",
      2006
    ],
    [
      "Rod Marinelli",
      2006
    ],
    [
      "Jim Mora",
      2006
    ],
    [
      "Tony Dungy",
      2006
    ],
    [
      "Andy Reid",
      2006
    ],
    [
      "Bill Cowher",
      2006
    ],
    [
      "Scott Linehan",
      2006
    ],
    [
      "Nick Saban",
      2006
    ],
    [
      "Bill Belichick",
      2006
    ],
    [
      "Mike McCarthy",
      2006
    ]
  ],
  "least_aggressive_coach_years": [
    [
      "Dan Campbell",
      2024
    ],
    [
      "Antonio Pierce",
      2024
    ],
    [
      "John Harbaugh",
      2024
    ],
    [
      "Kyle Shanahan",
      2024
    ],
    [
      "Nick Sirianni",
      2024
    ],
    [
      "Todd Bowles",
      2024
    ],
    [
      "Dennis Allen",
      2024
    ],
    [
      "Jerod Mayo",
      2024
    ],
    [
      "Brian Callahan",
      2024
    ],
    [
      "Mike Tomlin",
      2024
    ]
  ],
  "unique_coaches": 138,
  "years_covered": "2006-2024"
}