{
  "generated_date": "2026-06-25T09:17:16.095045",
  "num_coaches": 641,
  "component_reliability": {
    "fourth_down_aggression": {
      "tau2": 0.0005261650108339476,
      "mean_reliability": 0.6511286388971518,
      "n_units": 641
    },
    "pass_heavy_aggression": {
      "tau2": 0.0019931418437456275,
      "mean_reliability": 0.9148582368392529,
      "n_units": 641
    },
    "deep_pass_aggression": {
      "tau2": 0.0010195955823471333,
      "mean_reliability": 0.7293065590601449,
      "n_units": 641
    },
    "two_point_aggression": {
      "tau2": 0.0009586619566187891,
      "mean_reliability": 0.6696775139053203,
      "n_units": 641
    }
  },
  "metrics": {
    "fourth_down_aggression": {
      "mean": 0.003133202208549101,
      "std": 0.03101699820581841
    },
    "pass_heavy_aggression": {
      "mean": -0.0016063912349825178,
      "std": 0.046784718900896284
    },
    "deep_pass_aggression": {
      "mean": 0.001103498268533179,
      "std": 0.03876573706898812
    }
  },
  "most_aggressive_coach_years": [
    [
      "Rod Marinelli",
      2006
    ],
    [
      "Bill Parcells",
      2006
    ],
    [
      "Andy Reid",
      2006
    ],
    [
      "Tony Dungy",
      2006
    ],
    [
      "Scott Linehan",
      2006
    ],
    [
      "Nick Saban",
      2006
    ],
    [
      "Jim Mora",
      2006
    ],
    [
      "Bill Cowher",
      2006
    ],
    [
      "Bill Belichick",
      2006
    ],
    [
      "Mike McCarthy",
      2006
    ]
  ],
  "least_aggressive_coach_years": [
    [
      "Dan Campbell",
      2024
    ],
    [
      "Sean McVay",
      2024
    ],
    [
      "John Harbaugh",
      2024
    ],
    [
      "Nick Sirianni",
      2024
    ],
    [
      "Todd Bowles",
      2024
    ],
    [
      "Dennis Allen",
      2024
    ],
    [
      "Antonio Pierce",
      2024
    ],
    [
      "Brian Callahan",
      2024
    ],
    [
      "Jerod Mayo",
      2024
    ],
    [
      "Mike Tomlin",
      2024
    ]
  ],
  "unique_coaches": 138,
  "years_covered": "2006-2024"
}