{
  "generated_date": "2026-07-01T14:42:08.371061",
  "num_coaches": 646,
  "component_reliability": {
    "fourth_down_aggression": {
      "tau2": 0.0005188748333258201,
      "mean_reliability": 0.6423797661102855,
      "n_units": 646
    },
    "pass_heavy_aggression": {
      "tau2": 0.001983618650482051,
      "mean_reliability": 0.9127958723796261,
      "n_units": 646
    },
    "deep_pass_aggression": {
      "tau2": 0.0010068579090176774,
      "mean_reliability": 0.723741366020783,
      "n_units": 646
    },
    "two_point_aggression": {
      "tau2": 0.000900674723390408,
      "mean_reliability": 0.6525393804493332,
      "n_units": 646
    }
  },
  "metrics": {
    "fourth_down_aggression": {
      "mean": 0.0033505466744808807,
      "std": 0.030911064489057352
    },
    "pass_heavy_aggression": {
      "mean": -0.001532073104243671,
      "std": 0.04658954978876358
    },
    "deep_pass_aggression": {
      "mean": 0.0011762277284810842,
      "std": 0.0384698745076268
    }
  },
  "most_aggressive_coach_years": [
    [
      "Bill Parcells",
      2006
    ],
    [
      "Rod Marinelli",
      2006
    ],
    [
      "Tony Dungy",
      2006
    ],
    [
      "Andy Reid",
      2006
    ],
    [
      "Scott Linehan",
      2006
    ],
    [
      "Bill Cowher",
      2006
    ],
    [
      "Mike McCarthy",
      2006
    ],
    [
      "Bill Belichick",
      2006
    ],
    [
      "Nick Saban",
      2006
    ],
    [
      "Jim Mora Jr",
      2006
    ]
  ],
  "least_aggressive_coach_years": [
    [
      "Kyle Shanahan",
      2024
    ],
    [
      "Sean McVay",
      2024
    ],
    [
      "Dan Campbell",
      2024
    ],
    [
      "Todd Bowles",
      2024
    ],
    [
      "Antonio Pierce",
      2024
    ],
    [
      "Nick Sirianni",
      2024
    ],
    [
      "Jerod Mayo",
      2024
    ],
    [
      "Brian Callahan",
      2024
    ],
    [
      "Mike Tomlin",
      2024
    ],
    [
      "Dennis Allen",
      2024
    ]
  ],
  "unique_coaches": 140,
  "years_covered": "2006-2024"
}