{
  "generated_date": "2025-09-30T15:53:14.919411",
  "num_coaches": 641,
  "metrics": {
    "fourth_down_aggression": {
      "mean": -0.00031170096737665376,
      "std": 0.02706314496918828
    },
    "pass_heavy_aggression": {
      "mean": 0.01922064576357647,
      "std": 0.039180154042074936
    },
    "deep_pass_aggression": {
      "mean": -0.006821219760292033,
      "std": 0.03637844044321903
    }
  },
  "most_aggressive_coach_years": [
    [
      "Bill Parcells",
      2006
    ],
    [
      "Rod Marinelli",
      2006
    ],
    [
      "Jim Mora",
      2006
    ],
    [
      "Nick Saban",
      2006
    ],
    [
      "Andy Reid",
      2006
    ],
    [
      "Bill Cowher",
      2006
    ],
    [
      "Bill Belichick",
      2006
    ],
    [
      "Tony Dungy",
      2006
    ],
    [
      "Mike Holmgren",
      2006
    ],
    [
      "Scott Linehan",
      2006
    ]
  ],
  "least_aggressive_coach_years": [
    [
      "Jonathan Gannon",
      2024
    ],
    [
      "Brian Callahan",
      2024
    ],
    [
      "Sean McVay",
      2024
    ],
    [
      "Jerod Mayo",
      2024
    ],
    [
      "Kyle Shanahan",
      2024
    ],
    [
      "Todd Bowles",
      2024
    ],
    [
      "John Harbaugh",
      2024
    ],
    [
      "Nick Sirianni",
      2024
    ],
    [
      "Dennis Allen",
      2024
    ],
    [
      "Mike Tomlin",
      2024
    ]
  ],
  "unique_coaches": 138,
  "years_covered": "2006-2024"
}