{
  "generated_date": "2026-07-01T11:10:20.169152",
  "num_coaches": 646,
  "component_reliability": {
    "fourth_down_aggression": {
      "tau2": 0.0005614081482346029,
      "mean_reliability": 0.6613617194089256,
      "n_units": 646
    },
    "pass_heavy_aggression": {
      "tau2": 0.001977072253638129,
      "mean_reliability": 0.9125042191439295,
      "n_units": 646
    },
    "deep_pass_aggression": {
      "tau2": 0.0010141230257118877,
      "mean_reliability": 0.7250228783011635,
      "n_units": 646
    },
    "two_point_aggression": {
      "tau2": 0.0008935769235608892,
      "mean_reliability": 0.6533620381451345,
      "n_units": 646
    }
  },
  "metrics": {
    "fourth_down_aggression": {
      "mean": 0.0031283780046628537,
      "std": 0.03156335592227973
    },
    "pass_heavy_aggression": {
      "mean": -0.0014981956118342507,
      "std": 0.046576413470749374
    },
    "deep_pass_aggression": {
      "mean": 0.00095375849218331,
      "std": 0.038514794410858845
    }
  },
  "most_aggressive_coach_years": [
    [
      "Bill Parcells",
      2006
    ],
    [
      "Rod Marinelli",
      2006
    ],
    [
      "Tony Dungy",
      2006
    ],
    [
      "Andy Reid",
      2006
    ],
    [
      "Scott Linehan",
      2006
    ],
    [
      "Nick Saban",
      2006
    ],
    [
      "Mike McCarthy",
      2006
    ],
    [
      "Jim Mora Jr",
      2006
    ],
    [
      "Bill Cowher",
      2006
    ],
    [
      "Bill Belichick",
      2006
    ]
  ],
  "least_aggressive_coach_years": [
    [
      "Sean McVay",
      2024
    ],
    [
      "John Harbaugh",
      2024
    ],
    [
      "Dan Campbell",
      2024
    ],
    [
      "Nick Sirianni",
      2024
    ],
    [
      "Todd Bowles",
      2024
    ],
    [
      "Antonio Pierce",
      2024
    ],
    [
      "Brian Callahan",
      2024
    ],
    [
      "Jerod Mayo",
      2024
    ],
    [
      "Mike Tomlin",
      2024
    ],
    [
      "Dennis Allen",
      2024
    ]
  ],
  "unique_coaches": 140,
  "years_covered": "2006-2024"
}